SMILES,Reactant_set_id,IC50 (nM),MW,LogP,HBA,HBD,Rotatable Bonds
CCOc1cc2ncnc(Nc3cccc(Br)c3)c2cc1OCC,5318,0.006,388.26500000000016,4.933300000000004,5,1,6
CN(C)c1cc2c(Nc3cccc(Br)c3)ncnc2cn1,5366,0.006,344.216,3.596900000000001,5,1,3
CNc1cc2c(Nc3cccc(Br)c3)ncnc2cn1,5365,0.008,330.189,3.572600000000002,5,2,3
Brc1cccc(Nc2ncnc3cc4nc[nH]c4cc23)c1,5332,0.008,340.184,4.012200000000001,4,2,2
Cn1cnc2cc3ncnc(Nc4cccc(Br)c4)c3cc12,5334,0.01,354.211,4.0226000000000015,5,1,2
COc1cc2ncnc(Nc3cccc(Cl)c3F)c2cc1N1CC2(CN(C)C2)OC1=O,1055477,0.016,443.8660000000003,3.8153000000000032,7,1,4
CN1CCC2(CN(C(=O)O2)c2ccc3ncnc(Nc4cccc(Cl)c4F)c3c2)CC1,1055475,0.017,441.8940000000002,4.586900000000004,6,1,3
CCCN1CC2(C1)CN(C(=O)O2)c1cc2c(Nc3cccc(Cl)c3F)ncnc2cc1OC,1055485,0.021,471.9200000000001,4.595500000000004,7,1,6
CCN1CC2(C1)CN(C(=O)O2)c1cc2c(Nc3cccc(Cl)c3F)ncnc2cc1OC,1055483,0.022,457.8930000000002,4.205400000000003,7,1,5
Cn1cnc2cc3c(Nc4cccc(Br)c4)ncnc3cc12,5336,0.025,354.21100000000007,4.022600000000002,5,1,2
CCOc1cc2ncc(C#N)c(Nc3ccc(F)c(Cl)c3)c2cc1NC(=O)\C=C\CNCC#C,50598550,0.03,477.9270000000002,4.758780000000003,6,3,9
Fc1cc(Nc2ncnc3ccc(NC(=O)C=C)cc23)cc(Cl)c1Cl,50406291,0.037,377.2060000000001,4.943800000000001,4,2,4
COC[C@@H]1CN(C(=O)O1)c1cc2c(Nc3cccc(Cl)c3F)ncnc2cc1OC,1055481,0.038,432.8390000000002,4.146100000000002,7,1,6
Fc1cc(Cl)c(Cl)cc1Nc1ncnc2ccc(NC(=O)C=C)cc12,50316322,0.04,377.2060000000002,4.943800000000002,4,2,4
COc1ccccc1C(=O)NC(=O)N[C@H]1CN2CCC1CC2,51509304,0.05,303.3620000000001,1.2287999999999994,4,2,3
Fc1cc(Cl)c(Cl)cc1Nc1ncnc2ccc(NC(=O)CCl)cc12,50065977,0.07,399.64000000000016,4.996600000000002,4,2,4
COc1cc2ncnc(Nc3ccc(Br)c(Br)c3)c2cc1OC,5330,0.072,439.10700000000014,4.915600000000003,5,1,4
CN(C)c1cc2ncnc(Nc3cccc(Br)c3)c2cn1,5357,0.091,344.216,3.596900000000001,5,1,3
Nc1ccc2cncnc2c1,50080479,0.1,145.16500000000002,1.212,3,1,0
Nc1ccc2c(Nc3cccc(Br)c3)ncnc2c1,4883,0.1,315.17400000000004,3.7181000000000015,4,2,2
CCOc1ccccc1-c1cc2c(N[C@H](CCO)c3ccccc3)ncnc2[nH]1,51381374,0.1,388.471,4.559200000000003,5,3,8
CN(C)CCNCc1ccc(cc1F)-c1cc2c(N[C@H](CO)c3ccccc3)ncnc2[nH]1,51381368,0.1,448.5460000000001,3.5607000000000006,6,4,10
COc1cc(CN(C)CCN(C)C)ccc1-c1cc2c(N[C@H](CO)c3ccccc3)ncnc2[nH]1,51381370,0.1,474.60900000000015,3.772400000000002,7,3,11
COc1cc2ncnc(Nc3cccc(c3)C(C)=O)c2cc1NC1CN(C1)C(=O)C=C,648093,0.1,417.4690000000002,3.3933000000000018,7,2,7
COc1cc(CNCCN(C)C)ccc1-c1cc2c(N[C@H](C)c3ccccc3)ncnc2[nH]1,51381348,0.1,444.5830000000001,4.457800000000003,6,3,10
CN1CCN(Cc2ccc(cc2)C(=O)Nc2ccc(C)c(Nc3nccc(n3)-c3cccnc3)c2)CC1,51506157,0.11,493.6150000000002,4.590320000000004,7,2,7
CC(C)N1CC2(C1)CN(C(=O)O2)c1ccc2ncnc(Nc3cccc(Cl)c3F)c2c1,1055487,0.114,441.8940000000002,4.585300000000004,6,1,4
Nc1cc2ncnc(Nc3cccc(Br)c3)c2cc1N,4889,0.12,330.1890000000001,3.300300000000001,5,3,2
ONC(=O)CCCCCCn1cc(nn1)-c1ccc2ncnc(Nc3cccc(Cl)c3F)c2c1,50535459,0.12,483.9350000000001,4.880300000000004,8,3,10
CNc1cc2ncnc(Nc3cccc(Br)c3)c2cn1,5356,0.13,330.1890000000001,3.5726000000000013,5,2,3
Nc1cc2c(Nc3cccc(Br)c3)ncnc2cn1,5362,0.13,316.16200000000003,3.113100000000001,5,2,2
COc1ccc(cc1)-c1cc(=O)cc(o1)-c1ccc(OC)cc1,51479381,0.15,308.333,3.9910000000000014,4,0,4
Fc1ccc(Nc2ncnc3cc(\C=C\CCN4CCOCC4)c(NC(=O)C=C)nc23)cc1Cl,50154896,0.16,482.94700000000034,4.420900000000003,7,2,8
Oc1cc2ncnc(Nc3cccc(Br)c3)c2cc1O,4888,0.17,332.1570000000001,3.5471000000000017,5,3,2
CN(C(=O)C=C)c1cc2c(Nc3cccc(Br)c3)ncnc2cn1,7249,0.17,384.2370000000001,3.679700000000002,5,1,4
Brc1cccc(Nc2ncnc3ccc(NC(=O)CC#N)cc23)c1,50552422,0.17,382.2210000000002,3.988080000000001,5,2,4
CCOc1cc2ncnc(Nc3ccc(F)c(Cl)c3)c2cc1NC(=O)C=C,50933656,0.18,386.81400000000014,4.6891000000000025,5,2,6
NC(=O)c1c2NCCC(c3ccccc3NC(=O)C=C)n2nc1-c1ccc(Cl)cc1,51304481,0.18,421.88800000000015,3.831900000000002,5,3,5
OCC(O)CNc1cc2c(Nc3cccc(Br)c3)ncnc2cn1,5465,0.18,390.2410000000001,2.296,7,4,6
CNc1cc2c(Nc3cccc(Cl)c3)ncnc2cn1,5487,0.19,285.73800000000006,3.4635000000000007,5,2,3
OCCNc1cc2c(Nc3cccc(Br)c3)ncnc2cn1,5463,0.19,360.21500000000003,2.9351000000000003,6,3,5
Fc1ccc(Nc2ncnc3cc(O[C@H]4CCOC4)c(NC4CN(C4)C(=O)C=C)cc23)cc1Cl,648082,0.2,483.93100000000027,4.142300000000003,7,2,7
CCOc1ccccc1-c1cc2c(N[C@H](CO)c3ccccc3)ncnc2[nH]1,51381350,0.2,374.444,4.169100000000002,5,3,7
COCCOc1cc2ncnc(Nc3ccc(F)c(Cl)c3)c2cc1NC1CCN(CC1)C(=O)C=C,648099,0.2,499.9740000000004,4.780000000000004,7,2,9
OC[C@@H](Nc1ncnc2[nH]c(cc12)-c1ccc(CO)cc1)c1ccccc1,51381390,0.2,360.417,3.262700000000001,5,4,6
COc1cc(CO)ccc1-c1cc2c(N[C@H](CO)c3ccccc3)ncnc2[nH]1,51381389,0.2,390.443,3.2713,6,4,7
COc1cc2ncnc(Nc3ccc(F)c(Cl)c3)c2cc1NC(=O)C(\F)=C\CN(C)C,50249193,0.2,447.8730000000002,4.528000000000004,6,2,7
COc1cc2ncnc(Nc3ccc(F)c(Cl)c3)c2cc1NC1CCN(CC1)C(=O)C=C,648080,0.2,455.92100000000033,4.763400000000003,6,2,6
CN(CCO)c1cc2c(Nc3cccc(Br)c3)ncnc2cn1,5464,0.22,374.2420000000001,2.9594000000000005,6,2,5
CN1CCN(CCC(=O)Nc2ccc3ncnc(Nc4cccc(Br)c4)c3c2)CC1,50933654,0.23,469.38700000000017,3.7119000000000018,6,2,6
OCCNc1cc2ncnc(Nc3cccc(Br)c3)c2cn1,5408,0.24,360.21500000000003,2.9351000000000003,6,3,5
COc1cc2ncnc(Nc3cccc(c3)C(F)(F)F)c2cc1OC,5296,0.24,349.3120000000001,4.409400000000002,5,1,4
OCCNc1c(Br)cccc1Nc1ncnc2ccncc12,50210560,0.245471,360.2150000000001,2.9351000000000003,6,3,5
Nc1ccc2c(Nc3cccc(Cl)c3)ncnc2c1,5281,0.25,270.72300000000007,3.609000000000001,4,2,2
Brc1cccc(Nc2ncnc3cnc(NCCc4cnc[nH]4)nc23)c1,5452,0.25,411.26700000000017,3.3035999999999994,7,3,6
Clc1cccc(Nc2ncnc3cc(NC(=O)C=C)ccc23)c1,50134757,0.25,324.7710000000001,4.151300000000001,4,2,4
Brc1cccc(Nc2ncnc3cnc(NCCc4c[nH]cn4)nc23)c1,50210607,0.251189,411.26700000000017,3.3035999999999994,7,3,6
COc1cc2c(Nc3cccc(c3)C#C)ncnc2cc1OCCCCn1ccnc1[N+]([O-])=O,50258914,0.26,458.4780000000004,4.327200000000003,9,1,10
ONC(=O)CCCCCn1cc(nn1)-c1ccc2ncnc(Nc3cccc(Cl)c3F)c2c1,50535640,0.27,469.9080000000002,4.490200000000003,8,3,9
Nc1ccc2sc3c(Nc4cccc(Br)c4)ncnc3c2c1,5535,0.27,371.2630000000001,4.932800000000002,5,2,2
OC(=O)CCNc1cc2c(Nc3cccc(Br)c3)ncnc2cn1,5485,0.27,388.2250000000001,3.4175000000000013,6,3,6
CCOc1cc2ncnc(Nc3ccc(F)c(Cl)c3)c2cc1NC(=O)CCN(C)C,50933657,0.27,431.8990000000002,4.454800000000003,6,2,8
Brc1cccc(Nc2ncnc3ccc(NC(=O)CCN4CCCCC4)cc23)c1,50933652,0.27,454.3720000000004,4.950400000000003,5,2,6
OC(=O)CCCNc1cc2ncnc(Nc3cccc(Br)c3)c2cn1,5433,0.28,402.25200000000007,3.8076000000000016,6,3,7
OC(=O)CNc1cc2c(Nc3cccc(Br)c3)ncnc2cn1,5483,0.28,374.198,3.027400000000001,6,3,5
CN(C)CCC(=O)Nc1ccc2ncnc(Nc3cccc(Br)c3)c2c1,50933651,0.28,414.3070000000001,4.026100000000001,5,2,6
OC(=O)CCCNc1c(Br)cccc1Nc1ncnc2ccncc12,50210454,0.281838,402.2520000000001,3.8076000000000008,6,3,7
Cc1nc2cc3ncnc(Nc4cccc(Br)c4)c3cc2[nH]1,5333,0.29,354.211,4.320620000000002,4,2,2
CCOc1cc2ncnc(Nc3ccc(F)c(Cl)c3)c2cc1NC(=O)CCN1CCOCC1,50933659,0.29,473.9360000000004,4.225400000000003,7,2,8
C[C@@H](Nc1ncnc2[nH]c(cc12)-c1ccc(NS(C)(=O)=O)cc1)c1ccccc1,51381336,0.3,407.49900000000014,4.169500000000003,5,3,6
CC(C)c1cnc(N2C[C@H](O)[C@H]2C)c2cnc(Nc3ccnc(n3)N3CC[C@@H](O)[C@@](C)(F)C3)cc12,51485651,0.3,481.5760000000003,3.155400000000002,9,3,5
CN(C)CCNCc1ccc(cc1)-c1cc2c(N[C@H](CO)c3ccccc3)ncnc2[nH]1,51381360,0.3,430.55600000000015,3.4216000000000006,6,4,10
NC(=O)c1c2NCCC(c3ccccc3NC(=O)C=C)n2nc1-c1ccc(OCC2CC2)cc1,51304477,0.3,457.53400000000033,3.9673000000000025,6,3,8
COc1cc2ncnc(Nc3cccc(Br)c3)c2cc1NC1CCN(CC1)C(=O)C=C,648096,0.3,482.3820000000004,4.733400000000004,6,2,6
COc1cc2ncnc(Nc3cccc(Cl)c3F)c2cc1OC(=O)N1CCN(C)C[C@H]1C,50420741,0.3,459.90900000000033,4.309200000000003,7,1,4
COc1cc2ncnc3Nc4cc(Cl)ccc4OCCOCCOCCOc1cc23,51494720,0.3,431.8760000000004,3.839800000000003,8,1,1
COc1cc2ncnc(Nc3ccc(F)c(Cl)c3)c2cc1NC1CN(C1)C(=O)C=C,648078,0.3,427.86700000000025,3.9832000000000023,6,2,6
COc1cc(NS(C)(=O)=O)ccc1-c1cc2c(N[C@H](CO)c3ccccc3)ncnc2[nH]1,51381355,0.3,453.5240000000001,3.150500000000001,7,4,8
COc1cc(CNCCN(C)C)ccc1-c1cc2c(N[C@H](CO)c3ccccc3)ncnc2[nH]1,51381362,0.3,460.5820000000001,3.430200000000001,7,4,11
CC#CC(=O)Nc1cc2c(Nc3ccc(F)c(Cl)c3)ncnc2cn1,50836412,0.3,355.76000000000005,3.5227000000000013,5,2,3
COc1cc2ncnc(Nc3ccc(F)c(Cl)c3)c2cc1NC(=O)C(\F)=C/CN1CCOCC1,50249183,0.3,489.9100000000004,4.298600000000003,7,2,7
COc1cc2ncnc(Nc3cccc(Cl)c3)c2cc1OC,5293,0.31,315.7600000000001,4.044000000000002,5,1,4
CCOc1cc2ncnc(Nc3ccc(F)c(Cl)c3)c2cc1NC(=O)CO,51276641,0.34,390.8020000000001,3.4954000000000023,6,3,6
C\C(=N/OC[C@@H](O)CNC(C)(C)C)C1CC1,50983278,0.34,228.336,1.5378999999999996,4,2,6
Brc1cccc(Nc2ncnc3cc4cn[nH]c4cc23)c1,5343,0.34,340.184,4.012200000000001,4,2,2
Cc1ccc(cc1)-c1nn2C(CCNc2c1C(N)=O)c1ccccc1NC(=O)C=C,51304342,0.34,401.4700000000001,3.4869200000000005,5,3,5
COc1cc2ncnc(Nc3cccc(Cl)c3F)c2cc1OC(=O)N1CCN(C[C@H]1C)C(=O)C=C,51489412,0.34,499.9300000000004,4.392000000000003,7,1,5
OCCN(CCO)CCCNc1cc2c(Nc3cccc(Br)c3)ncnc2cn1,5477,0.35,461.3640000000001,2.6194999999999995,8,4,11
Nc1ccc2c(Nc3cccc(I)c3)ncnc2c1,5283,0.35,362.174,3.560200000000001,4,2,2
Brc1cccc(Nc2ncnc3ccc(NC(=O)Cn4sccc4=O)cc23)c1,50552419,0.36,456.3250000000002,3.9978000000000016,7,2,5
Cn1ncc2cc3c(Nc4cccc(Br)c4)ncnc3cc12,5386,0.37,354.21100000000007,4.022600000000002,5,1,2
Brc1cccc(Nc2ncnc3ccc(NC(=O)CNC(=O)Oc4ccccc4)cc23)c1,50552418,0.37,492.33300000000025,4.863000000000001,6,3,6
OC(=O)\C=C\C(=O)Nc1ccc2ncnc(Nc3cccc(Br)c3)c2c1,7260,0.37,413.2310000000001,3.715200000000001,5,3,5
Brc1c[nH]c2ccc(Nc3ncnc4ccc(NC(=O)C=C)cc34)cc12,51499320,0.38,408.2590000000002,4.741700000000001,4,3,4
CCOc1cc2ncnc(Nc3cccc(Cl)c3)c2cc1OCC,50844840,0.38,343.81400000000014,4.824200000000004,5,1,6
COc1cc2ncnc(Nc3ccc(F)c(Cl)c3)c2cc1SC1CN(C1)C(=O)C=C,648102,0.4,444.91900000000027,4.663400000000004,6,1,6
C[C@@H](Nc1ncnc2[nH]c(cc12)-c1ccc(cc1)S(C)(=O)=O)c1ccccc1,51381333,0.4,392.48400000000015,4.201500000000002,5,2,5
COc1ccccc1-c1cc2c(N[C@H](CO)c3ccccc3)ncnc2[nH]1,51381331,0.4,360.417,3.779000000000001,5,3,6
COc1cc(CNCCS(C)(=O)=O)ccc1-c1cc2c(N[C@H](CO)c3ccccc3)ncnc2[nH]1,51381361,0.4,495.6050000000001,2.9132000000000007,8,4,11
Nc1ncnc2n(cc(-c3cnc4ccccc4c3)c12)[C@@H]1CCN(C1)C(=O)C=C,51526547,0.4,384.44300000000027,3.1881000000000013,6,1,3
COc1cc(ccc1-c1cc2c(N[C@H](C)c3ccccc3)ncnc2[nH]1)C(N)=O,51381346,0.4,387.4430000000001,3.9055000000000017,5,3,6
Cc1cccc(Nc2ncnc3ccc(NC(=O)C=C)cc23)c1,50056637,0.42,304.3530000000001,3.806320000000001,4,2,4
CN1CCN(CC1)c1ccc(Nc2ncc3CN(C)C(=O)N(c4cccc(NC(=O)C=C)c4)c3n2)cc1,50934355,0.43,498.5910000000002,3.8000000000000025,7,2,6
Brc1cccc(Nc2ncnc3cnc(cc23)S(=O)(=O)C=C)c1,7277,0.43,391.25000000000017,3.448100000000001,6,1,4
CN(C)CCCNC(=O)\C=C\C(=O)Nc1ccc2ncnc(Nc3cccc(Br)c3)c2c1,7267,0.44,497.3970000000001,3.698500000000001,6,3,9
Brc1cccc(Nc2ncnc3cc4[nH]ncc4cc23)c1,5344,0.44,340.184,4.012200000000001,4,2,2
CN(CC(O)=O)c1cc2c(Nc3cccc(Br)c3)ncnc2cn1,5484,0.44,388.225,3.051700000000001,6,2,5
Brc1cccc(Nc2ncnc3cc4[nH]ccc4cc23)c1,5345,0.44,339.196,4.617200000000001,3,2,2
CNc1cc2c(Nc3cccc(C)c3)ncnc2cn1,5490,0.45,265.32,3.118520000000001,5,2,3
Brc1cccc(Nc2ncnc3cc(NC(=O)C=C)ccc23)c1,50134746,0.45,369.2220000000001,4.2604000000000015,4,2,4
CN(C)c1ccc(\C=N\NC(=O)Cn2nc(Cc3ccc(Cl)cc3)c3ccccc3c2=O)cc1,51459843,0.45,473.9640000000001,3.857000000000003,6,1,7
NC(=O)c1c2NCCC(c3ccccc3NC(=O)C=C)n2nc1-c1ccc(OC(F)(F)F)cc1,51304417,0.46,471.4390000000002,4.077100000000002,6,3,6
COc1cc2ncnc(Nc3cccc(Br)c3)c2cc1NC(=O)[C@@H]1COC(=O)N1,50503858,0.47,458.2720000000002,3.1914000000000007,7,3,5
COc1cc2c(Nc3cccc(c3)C#C)ncnc2cc1OCCCCCn1ccnc1[N+]([O-])=O,50258915,0.47,472.5050000000004,4.717300000000003,9,1,11
O=C(CNc1n[nH]c2ncccc12)Nc1sc2CCCCc2c1C#N,51506155,0.47,352.4230000000003,2.8204800000000008,6,3,4
Nc1ccc2c(c1)sc1c(Nc3cccc(Br)c3)ncnc21,5537,0.47,371.2630000000001,4.932800000000001,5,2,2
COc1ccc(cc1)-c1nn2C(CCNc2c1C(N)=O)c1ccccc1NC(=O)C=C,51304479,0.48,417.4690000000001,3.187100000000001,6,3,6
COc1cc2ncnc(Nc3cccc(c3)C#C)c2cc1OCCCCCn1ccnc1[N+]([O-])=O,50258416,0.49,472.5050000000004,4.717300000000004,9,1,11
COc1cc2c(Nc3cccc(Br)c3)ncnc2cc1OCCCn1ccnc1[N+]([O-])=O,50258923,0.49,499.32500000000033,4.718300000000004,9,1,9
CS(=O)(=O)Nc1ccc(cc1)-c1cc2c(N[C@H](CO)c3ccccc3)ncnc2[nH]1,51381351,0.5,423.49800000000016,3.1419000000000006,6,4,7
C\C=C\C(=O)Nc1cc2c(Nc3cccc(Br)c3)ncnc2cn1,7252,0.5,384.2370000000001,4.045500000000002,5,2,4
Nc1ncnc2n(nc(-c3ccc(Oc4ccccc4)cc3)c12)[C@@H]1CCCN(C1)C(=O)C=C,342605,0.5,440.5070000000004,4.217300000000003,7,1,5
COc1ccc(cc1-c1cc2c(N[C@H](C)c3ccccc3)ncnc2s1)C(=O)NCCN(C)C,50457421,0.5,475.6180000000002,4.831400000000004,7,2,9
CN1CCN(CCC#CC(=O)Nc2cc3c(Nc4ccc(F)c(Cl)c4)ncnc3cn2)CC1,50836431,0.5,467.93600000000015,3.1403000000000016,7,2,5
CC(C)c1ccc(N2C[C@H](O)[C@H]2C)c2cnc(Nc3ccnc(n3)N3CC[C@@H](O)[C@@](C)(F)C3)cc12,51485653,0.5,480.5880000000003,3.7604000000000015,8,3,5
COc1cc(ccc1-c1cc2c(N[C@H](CO)c3ccccc3)ncnc2[nH]1)C(N)=O,51381354,0.5,403.4420000000001,2.8778999999999986,6,4,7
COC[C@@H](Nc1ncnc2[nH]c(cc12)-c1ccc(CO)cc1OC)c1ccccc1,51381371,0.5,404.47000000000014,3.9254000000000016,6,3,8
OCC[C@@H](Nc1ncnc2[nH]c(cc12)-c1ccccc1)c1ccccc1,51381373,0.5,344.41800000000006,4.1605000000000025,4,3,6
COc1cc2c(cc1OCC1CCN(C)CC1)[nH]cn\c2=N/c1ccc(Br)cc1F,51493756,0.5,475.362,4.426100000000004,5,1,5
COc1cc(ccc1-c1cc2c(N[C@H](C)c3ccccc3)ncnc2s1)C(=O)NCCN(C)C,50457426,0.5,475.6180000000002,4.831400000000004,7,2,9
Brc1cccc(Nc2ncnc3ccc(NC(=O)CCN4CCOCC4)cc23)c1,50933653,0.51,456.3440000000004,3.796700000000002,6,2,6
Brc1cccc(Nc2ncnc3cc(NCCCn4ccnc4)ncc23)c1,5429,0.51,424.30600000000015,4.229600000000001,7,2,7
Brc1cccc(Nc2ncnc3ccncc23)c1NCCCn1ccnc1,50210606,0.512861,424.3060000000002,4.229600000000001,7,2,7
CCOc1cc2ncnc(Nc3ccc(F)c(Cl)c3)c2cc1NC(=O)COC(C)=O,51276659,0.52,432.8390000000002,4.066200000000003,7,2,7
COc1cc2ncnc(Nc3ccc(F)c(Cl)c3)c2cc1NC(=O)C(\F)=C\CN1CCOCC1,50249184,0.53,489.9100000000004,4.298600000000003,7,2,7
C[C@@H](CS)C(=O)N1CCC[C@H]1c1nnn[nH]1,50983288,0.54,241.32,0.4290999999999998,5,2,3
COc1cc2c(Nc3cccc(c3)C#C)ncnc2cc1OCCOCCn1ccnc1[N+]([O-])=O,50258917,0.54,474.4770000000004,3.563600000000002,10,1,11
Brc1cccc(Nc2ncnc3cc(NC(=O)C=C)ncc23)c1,50056634,0.54,370.2100000000001,3.6554,5,2,4
COc1cc2ncnc(Nc3ccc(Cl)c(Cl)c3F)c2cc1OC(=O)C=C,51489409,0.54,408.2160000000002,4.919300000000002,6,1,5
C\C=C\C(=O)Nc1ccc2ncnc(Nc3cccc(Br)c3)c2c1,7253,0.55,383.2490000000001,4.650500000000003,4,2,4
CN(CC(O)CO)c1cc2c(Nc3cccc(Br)c3)ncnc2cn1,5466,0.56,404.268,2.3203,7,3,6
COc1cc2ncnc(Nc3cccc(c3)C#C)c2cc1OCCCCn1ccnc1[N+]([O-])=O,50258414,0.56,458.4780000000004,4.327200000000003,9,1,10
C[C@@H](Nc1ncnc2[nH]c(cc12)-c1ccncc1)c1ccccc1,51381338,0.6,315.38000000000005,4.193000000000002,4,2,4
Brc1cccc(Nc2ncnc3cnc(NC(=O)C#C)cc23)c1,50836399,0.6,368.1940000000001,3.1026,5,2,3
COc1cccc(OC)c1-c1cc2c(N[C@H](C)c3ccccc3)ncnc2[nH]1,51381345,0.6,374.444,4.815200000000004,5,2,6
OC[C@@H](Nc1ncnc2[nH]c(cc12)-c1ccc(CO)c(F)c1)c1ccccc1,51381369,0.6,378.407,3.401800000000001,5,4,6
OP(O)(=O)C1CCCN1C(=O)CCC(=O)C(Cc1ccccc1)NC(=O)c1ccccc1,50983289,0.6,458.45100000000014,2.5032000000000005,4,3,9
COc1cnccc1-c1cc2c(N[C@H](CO)c3ccccc3)ncnc2[nH]1,51381359,0.6,361.405,3.1740000000000004,6,3,6
OC(=O)CCNc1cc2ncnc(Nc3cccc(Br)c3)c2cn1,5432,0.61,388.2250000000001,3.4175000000000013,6,3,6
OC(=O)CCNc1c(Br)cccc1Nc1ncnc2ccncc12,50210418,0.616595,388.2250000000001,3.4175000000000013,6,3,6
CCOc1cc2ncnc(Nc3ccc(F)c(Cl)c3)c2cc1OC(=O)CSc1ncc[nH]1,51276658,0.62,473.9170000000002,4.985400000000003,8,2,8
COCCOc1ccc(cc1)-c1nn2C(CCNc2c1C(N)=O)c1ccccc1NC(=O)C=C,51304478,0.63,461.5220000000003,3.2037000000000013,7,3,9
Nc1ccc2ncnc(Nc3ccc4[nH]ccc4c3)c2c1,51499303,0.65,275.31500000000005,3.4369000000000014,4,3,2
ONC(=O)CCCCCn1cc(nn1)-c1ccc2ncnc(Nc3ccc(F)c(Cl)c3)c2c1,50535574,0.65,469.9080000000002,4.490200000000002,8,3,9
Brc1cccc(Nc2ncnc3cnc(NCCN4CCOCC4)cc23)c1,5473,0.65,429.32200000000034,3.275000000000001,7,2,6
COc1cc2c(Nc3cccc(c3)C#C)ncnc2cc1OCCCn1ccnc1[N+]([O-])=O,50258913,0.65,444.4510000000003,3.9371000000000023,9,1,9
COc1cc2ncnc(Nc3cccc(Br)c3)c2cc1OCCCn1ccnc1[N+]([O-])=O,50258412,0.66,499.32500000000033,4.718300000000004,9,1,9
NC(=O)c1c2NCCC(c3ccccc3NC(=O)C=C)n2nc1-c1ccc(cc1)C(F)(F)F,51304480,0.66,455.44000000000017,4.197300000000003,5,3,5
CN1C[C@H]2[C@H](CCOc3cc4ncnc(Nc5ccc(F)c(Cl)c5)c4cc3NC(=O)C=C)[C@H]2C1,653346,0.66,481.9590000000002,4.866900000000004,6,2,8
CC(=O)Nc1ccc2ncnc(Nc3ccc(F)c(Cl)c3)c2c1,50501199,0.662,330.75000000000006,4.124300000000002,4,2,3
COc1cc2ncnc(Nc3cccc(Br)c3)c2c(OC)c1OC,5326,0.67,390.2370000000002,4.161700000000003,6,1,5
CCOc1cc2ncc(C#N)c(Nc3ccc(F)c(Cl)c3)c2cc1NC(=O)CCN(C)C,50933661,0.68,455.9210000000002,4.931480000000004,6,2,8
CNc1cc2ncnc(Nc3cccc(Br)c3)c2cc1N,5306,0.69,344.2160000000001,3.759800000000001,5,3,3
ONC(=O)CCCCCCn1cc(nn1)-c1ccc2ncnc(Nc3ccc(F)c(Cl)c3)c2c1,50535479,0.69,483.9350000000001,4.880300000000004,8,3,10
Cl\C=C/C(=O)Nc1cc2c(Nc3cccc(Br)c3)ncnc2cn1,7254,0.69,404.6550000000001,4.2219000000000015,5,2,4
CCOCCOc1cc2ncnc(Nc3ccc(F)c(Cl)c3)c2cc1NC(=O)\C=C\CN(C)C,651597,0.699,487.9630000000002,4.637500000000003,7,2,11
NC(=O)Cc1cccc(c1)-c1cc2c(N[C@H](CO)c3ccccc3)ncnc2[nH]1,51381353,0.7,387.443,2.7982000000000005,5,4,7
COc1cc(NS(C)(=O)=O)ccc1-c1cc2c(N[C@H](C)c3ccccc3)ncnc2[nH]1,51381347,0.7,437.5250000000001,4.178100000000002,6,3,7
C[C@@H](Nc1ncnc2[nH]c(cc12)-c1ccc(cc1)S(N)(=O)=O)c1ccccc1,51381334,0.7,393.47200000000015,3.445400000000001,5,3,5
Brc1cccc(Nc2ncnc3ccc(NC(=O)C=C)cc23)c1,7247,0.7,369.22200000000015,4.2604000000000015,4,2,4
C[C@@H](Nc1ncnc2[nH]c(cc12)-c1ccc(NC(C)=O)cc1)c1ccccc1,51381337,0.7,371.4440000000001,4.756400000000003,4,3,5
Clc1cnc(Nc2ccc(CN3CCOCC3)cc2)nc1Nc1cccc(NC(=O)C=C)c1,51142698,0.71,464.9570000000001,4.573900000000003,7,3,8
CN(CC(O)=O)Cc1c[nH]c2cc3ncnc(Nc4cccc(Br)c4)c3cc12,5404,0.72,440.3010000000001,4.133600000000002,5,3,6
NC(=O)c1c2NCCC(CNC(=O)C=C)n2nc1-c1ccc(Oc2ccccc2)cc1,51304422,0.72,417.4690000000001,3.100200000000001,6,3,7
Fc1ccc(Nc2ncnc3cnc(NC(=O)C=C)cc23)cc1Br,50056631,0.72,388.2000000000001,3.794500000000001,5,2,4
[O-][N+]1(CCCNc2cc3ncnc(Nc4cccc(Br)c4)c3cn2)CCOCC1,5424,0.74,459.3480000000002,3.6777000000000015,7,2,7
Nc1ccc2ncnc(Nc3ccc4[nH]cc(Br)c4c3)c2c1,51499315,0.74,354.2110000000001,4.199400000000002,4,3,2
Fc1ccc(Nc2ncnc3ccc(NC(=O)C=C)cc23)cc1Cl,50056632,0.75,342.7610000000001,4.290400000000002,4,2,4
Fc1ccc(Nc2ncnc3ccc(NC(=O)C=C)nc23)cc1Cl,50134751,0.75,343.749,3.685400000000001,5,2,4
Brc1cccc(Nc2ncnc3cnc(NS(=O)(=O)C=C)cc23)c1,7274,0.76,406.26500000000016,3.4161,6,2,5
CNc1ncc2ncnc(Nc3cccc(Br)c3)c2n1,5446,0.76,331.177,2.967600000000001,6,2,3
CN1CCN(CCOc2ccc(Nc3ncc(Cl)c(Nc4ccccc4C(=O)NO)n3)cc2)CC1,51422301,0.7632,497.98700000000025,3.362400000000001,9,4,9
COCCCOc1cc2ncnc(Nc3ccc(F)c(Cl)c3)c2cc1NC(=O)\C=C\CN(C)C,651591,0.765,487.9630000000002,4.637500000000003,7,2,11
COc1cc2c(Nc3ccc(F)c(Cl)c3)ncnc2cc1OCCCn1ccnc1[N+]([O-])=O,50258908,0.77,472.8640000000003,4.748300000000003,9,1,9
CCOCCOc1cc2ncnc(Nc3cccc(c3)C#C)c2cc1NC(=O)\C=C\CN(C)C,651603,0.771,459.5500000000002,3.8263000000000025,7,2,11
Brc1cccc(Nc2ncnc3ccc(NC(=O)NCCN4CCCCC4)cc23)c1,50501203,0.772,469.3870000000004,4.743300000000003,5,3,6
Brc1cccc(Nc2ncnc3cnc(NCCc4cnc[nH]4)cc23)c1,5480,0.78,410.27900000000017,3.9086,6,3,6
Nc1ccc2ncncc2c1,50080477,0.79,145.16500000000002,1.212,3,1,0
CN1CCN(CC1)c1ccc(Nc2nc(Oc3cccc(NC(=O)C=C)c3)c3cc[nH]c3n2)cc1,50487817,0.79,469.54900000000015,4.370100000000002,7,3,7
NC(=O)c1c2NCCC(c3ccccc3NC(=O)C=C)n2nc1-c1ccc(OC2CCCC2)cc1,51304334,0.79,471.5610000000004,4.499900000000003,6,3,7
Nc1ccc2ncnc(Nc3cccc(Br)c3)c2c1,4880,0.79,315.17400000000004,3.7181000000000015,4,2,2
OC[C@@H](Nc1ncnc2[nH]c(cc12)-c1ccccc1)c1ccccc1,51381330,0.8,330.3910000000001,3.770400000000002,4,3,5
CS(=O)(=O)c1ccc(cc1)-c1cc2c(N[C@H](CO)c3ccccc3)ncnc2[nH]1,51381352,0.8,408.48300000000006,3.1739000000000006,6,3,6
COc1cc(NC(C)=O)ccc1-c1cc2c(N[C@H](CO)c3ccccc3)ncnc2[nH]1,51381356,0.8,417.4690000000001,3.737400000000001,6,4,7
C[C@@H](Nc1ncnc2[nH]c(cc12)-c1ccc(cc1)C(N)=O)c1ccccc1,51381335,0.8,357.4170000000001,3.896900000000002,4,3,5
Cn1ccc2cc3c(Nc4cccc(Br)c4)ncnc3cc12,5392,0.8,353.22300000000007,4.627600000000002,4,1,2
COc1ccccc1Nc1ncc(Cl)c(n1)-c1cc2c([nH]1)C1(CCN(CC1)C(=O)C=C)CNC2=O,51435430,0.8,492.9670000000004,3.6669000000000023,6,3,5
NC(=O)Nc1ccc2ncnc(Nc3ccc(Br)cc3)c2c1,50501194,0.803,358.199,3.626500000000002,4,3,3
Brc1cccc(Nc2ncnc3cnc(NCCN4CCOCC4)nc23)c1,5450,0.81,430.31000000000034,2.67,8,2,6
Cc1ccccc1C(=O)NC(=O)NC1CN2CCC1CC2,51509320,0.81,287.36300000000006,1.52862,3,2,2
NC(=O)Nc1ccc2ncnc(Nc3ccc(F)c(Cl)c3)c2c1,50501198,0.854,331.738,3.656500000000001,4,3,3
COc1cc2ncnc(Nc3cccc(I)c3)c2cc1OC,5295,0.89,407.2110000000001,3.9952000000000014,5,1,4
COc1cc2ncnc(Nc3ccc(F)c(Cl)c3)c2cc1OCCCn1ccnc1[N+]([O-])=O,50258398,0.89,472.8640000000003,4.748300000000003,9,1,9
COc1cccc(OC)c1-c1cc2c(N[C@H](CO)c3ccccc3)ncnc2s1,50459010,0.9,407.49500000000006,4.521000000000002,7,2,7
Fc1ccc(Nc2ncnc3sc(NC(=O)\C=C\CN4CC5CCC4C(=O)C5)cc23)cc1Cl,50085741,0.9,485.9720000000003,4.775500000000004,7,2,6
CCOc1cc2ncnc(Nc3ccc(F)c(Cl)c3)c2cc1NC(=O)\C=C\CNC1CC1,50419145,0.9,455.9210000000002,4.811300000000004,6,3,9
C[C@@H](Nc1ncnc2sc(cc12)-c1cccc(c1)C(=O)NCCN(C)C)c1ccccc1,50458997,0.9,445.5920000000002,4.822800000000004,6,2,8
COc1ccccc1Nc1nccc(n1)-c1cc2c([nH]1)C1(CCN(CC1)C(=O)C=C)CNC2=O,51435427,0.9,458.52200000000033,3.0135000000000005,6,3,5
Brc1cccc(Nc2ncnc3cc(NCCc4cnc[nH]4)ncc23)c1,5430,0.91,410.2790000000001,3.9086,6,3,6
FC(F)(F)c1cccc(Nc2ncnc3ccc(NC(=O)C=C)cc23)c1,50056645,0.91,358.3230000000001,4.516700000000002,4,2,4
Brc1cccc(Nc2ncnc3cnc(NC(=O)C=C)cc23)c1,7246,0.91,370.21000000000015,3.6554,5,2,4
Brc1cccc(Nc2ncnc3ccncc23)c1NCCc1c[nH]cn1,50210544,0.912011,410.27900000000017,3.9086000000000007,6,3,6
OCC(O)CNc1cc2ncnc(Nc3cccc(Br)c3)c2cn1,5410,0.92,390.2410000000001,2.2960000000000003,7,4,6
OCCN(CCO)CCNc1cc2c(Nc3cccc(Br)c3)ncnc2cn1,5476,0.93,447.3370000000001,2.229399999999999,8,4,10
OCC(O)CNc1c(Br)cccc1Nc1ncnc2ccncc12,50210551,0.933254,390.2410000000001,2.2960000000000003,7,4,6
CN(C)C\C=C\C(=O)Nc1ccc2ncnc(Nc3cccc(I)c3)c2c1,50316347,0.94,473.3180000000001,4.034300000000003,5,2,6
CN(C)c1ncc2ncnc(Nc3cccc(Br)c3)c2n1,5447,0.95,345.20400000000006,2.9919,6,1,3
COC[C@@H](C)Oc1cc2ncnc(Nc3ccc(F)c(Cl)c3)c2cc1NC(=O)\C=C\CN(C)C,651593,0.95,487.9630000000002,4.635900000000003,7,2,10
COc1cc2ncnc(Nc3ccc(F)c(Cl)c3)c2nc1NC(=O)C=C,50154919,0.95,373.77500000000015,3.6940000000000017,6,2,5
COc1cc2ncnc(Nc3ccc(Br)cc3)c2cc1OC,5329,0.96,360.2110000000001,4.153100000000003,5,1,4
COCCOc1cc2ncnc(Nc3ccc(F)c(Cl)c3)c2nc1NC(=O)C=C,50154890,0.97,417.8280000000002,3.710600000000001,7,2,8
COCCOc1cc2c(Nc3cccc(c3)C#C)ncnc2cc1OCCO,51215715,1.0,379.41600000000017,2.7510000000000017,7,2,9
COc1nn(C)cc1Nc1nc(nc2n(cnc12)C(C)C)N1C[C@@H](F)[C@@H](C1)NC(=O)C=C,51105674,1.0,443.4870000000002,1.7217999999999998,10,2,7
COCCOc1cc2ncnc(Nc3cccc(c3)C#C)c2cc1OCCOC,8645,1.0,393.44300000000027,3.405100000000002,7,1,10
COc1cc2ncnc(Nc3ccc(F)c(Cl)c3)c2cc1OCCCN1CCOCC1,8646,1.0,446.9100000000004,4.275600000000003,7,1,8
CC(C)N(C)C\C=C\C(=O)N1CCc2c(C1)oc1ncnc(Nc3ccc(F)c(Cl)c3)c21,218481,1.0,457.93700000000007,4.540000000000004,6,1,6
Oc1cccc(Nc2[nH]nc3ncnc(Nc4cccc(Cl)c4)c23)c1,3820,1.0,352.785,4.199100000000001,6,4,4
COc1ccccc1-c1cc2c(N[C@H](CO)c3ccccc3)ncnc2s1,50324729,1.0,377.4690000000001,4.512400000000002,6,2,6
Nc1ncnc2n(nc(-c3ccc4ccccc4c3)c12)[C@@H]1CCCN(C1)C(=O)C=C,51146577,1.0,398.4700000000003,3.5782000000000016,6,1,3
COc1cc2ncnc(Nc3ccc(F)c(Cl)c3)c2cc1OC,50450156,1.0,333.7500000000001,4.183100000000002,5,1,4
Cc1cccc(Nc2cc(NCCO)ncn2)c1,5496,1.0,244.298,1.9328199999999995,5,3,5
Clc1cc(Nc2ncnc3n[nH]c(OCCN4CCOCC4)c23)ccc1OCc1ccccn1,50860436,1.0,481.9440000000004,3.4349000000000016,9,2,9
CC(C)n1c(Nc2ccccc2)nc2cnc(Nc3ccc(cc3)C(=O)NC3CCN(C)CC3)nc12,318698,1.0,484.6080000000004,4.718400000000004,8,3,7
Brc1cccc(Nc2ncnc3cnc(NCCCN4CCOCC4)cc23)c1,5474,1.0,443.3490000000004,3.6651000000000016,7,2,7
CC(=O)Nc1ccc2ncnc(Nc3cccc(Br)c3)c2c1,50501195,1.0,357.21100000000007,4.094300000000001,4,2,3
COc1cc2ncnc(N[C@H](C)c3ccccc3)c2cc1OC,51439945,1.0,309.3690000000001,3.8201000000000023,5,1,5
CN(C)C\C=C\C(=O)Nc1cc2c(Nc3ccc(F)c(Cl)c3)ncnc2cc1O[C@H]1CCOC1,50085725,1.0,485.9470000000002,4.389900000000002,7,2,8
COc1cc2ncnc(Nc3ccc(F)c(Cl)c3)c2cc1NC(=O)C=C,51105735,1.0,372.78700000000015,4.299000000000002,5,2,5
CN(C)c1cc2c(Nc3ccc4n(Cc5ccccc5)ncc4c3)ncnc2cn1,50180317,1.0,395.4700000000001,4.232400000000003,7,1,5
COc1cc2ncnc(Nc3ccc(Cl)c(Cl)c3)c2cc1OCCCN1CCOCC1,51277179,1.0,463.3650000000004,4.789900000000005,7,1,8
CN1CCC[C@H]1\C=C\C(=O)N1CCc2c(C1)sc1ncnc(Nc3ccc(F)c(Cl)c3)c21,218473,1.0,471.9890000000001,4.762500000000004,6,1,4
COc1cc2ncnc(Nc3cc(Cl)ccc3F)c2cc1OC1CCN(CC1)S(C)(=O)=O,50351573,1.0,480.9490000000004,3.977300000000003,7,1,6
COc1ccc(cc1)N(C)c1nc(N)nc2c(Cc3ccccc3)c[nH]c12,50689946,1.1,359.433,3.9074000000000018,5,2,5
C[C@@H](Nc1ncnc2[nH]c(cc12)-c1ccc(cc1)C(O)=O)c1ccccc1,51381339,1.1,358.40100000000007,4.496200000000002,4,3,5
CN1CCN(CC1)c1ccc(Nc2nc(Oc3cccc(NC(=O)C=C)c3)cnc2C(N)=O)cc1,314494,1.1,473.5370000000002,2.9877,8,3,8
CN1CCN(CC1)c1ccc(Nc2cc3c(nc(Nc4ccccc4)nc3cn2)N2CCCCC2)nc1,51038464,1.1,495.63500000000033,4.6491000000000025,9,2,6
CN(C)CCNc1cc2c(Nc3cccc(Br)c3)ncnc2cn1,5467,1.1,387.2850000000001,3.5044000000000004,6,2,6
Brc1cccc(Nc2ncnc3cnc(NC(=O)\C=C\C=C)cc23)c1,7256,1.1,396.24800000000016,4.211600000000002,5,2,5
CNc1cc2c(Nc3cccc(c3)C(F)(F)F)ncnc2cn1,5488,1.1,319.29,3.8289000000000017,5,2,3
COc1cc2ncnc(Nc3ccc(F)c(Cl)c3)c2cc1NC(=O)[C@@H]1COC(=O)N1,50503856,1.1,431.8110000000002,3.221400000000001,7,3,5
Fc1ccc(Nc2ncnc3ccc(NC(=O)NCCN4CCCCC4)cc23)cc1Cl,50501205,1.1,442.9260000000004,4.773300000000003,5,3,6
ONC(=O)c1ccccc1Nc1nc(Nc2ccc(OCCN3CCOCC3)cc2)ncc1Cl,51422284,1.1,484.9440000000003,3.4472000000000023,9,4,9
Brc1cccc(Nc2ncnc3ccc(NC(=O)C=C)nc23)c1,50056629,1.1,370.21000000000015,3.6554,5,2,4
CN(C)CCCNC(=O)\C=C\C(=O)Nc1cc2c(Nc3cccc(Br)c3)ncnc2cn1,7268,1.1,498.3850000000001,3.0935000000000006,7,3,9
COc1cc2ncnc(Nc3cccc(c3)C#C)c2cc1OCCCn1ccnc1[N+]([O-])=O,50258413,1.1,444.4510000000003,3.9371000000000023,9,1,9
C[C@@H](Nc1ncnc2oc(cc12)-c1ccc(NCCN2CCOCC2)cc1)c1ccccc1,50520056,1.1,443.5510000000002,4.807000000000004,7,2,8
CC1=C[C@@H](Cn2c1c(-c1cnc3ccccc3c1)c1c(N)ncnc21)NC(=O)C=C,51518643,1.1,396.4540000000002,3.3164000000000007,6,2,3
Nc1ncnc2n(cc(-c3cnc4ccccc4c3)c12)C1CCN(C1)C(=O)C=C,51526546,1.2,384.44300000000027,3.1881000000000013,6,1,3
COc1ccc2[nH]c3ncnc(Nc4cccc(Br)c4)c3c2c1,5523,1.2,369.2220000000001,4.625800000000003,4,2,3
NC(=O)c1c2NCCC(c3ccccc3NC(=O)C=C)n2nc1-c1ccc(F)cc1,51304356,1.2,405.43300000000016,3.3176000000000005,5,3,5
CN(C)CCCNc1cc2c(Nc3cccc(Br)c3)ncnc2cn1,5468,1.2,401.31200000000007,3.8945000000000016,6,2,7
CC(=C)C(=O)Nc1ccc2ncnc(Nc3cccc(Br)c3)c2c1,7251,1.2,383.2490000000001,4.650500000000003,4,2,4
OCCN(CCO)CCCNc1c(Br)cccc1Nc1ncnc2ccncc12,50210443,1.2,461.3640000000001,2.6195000000000004,8,4,11
CN[C@@H]1C[C@H]2O[C@@](C)([C@@H]1OC)n1c3ccccc3c3c4CNC(=O)c4c4c5ccccc5n2c4c13,51142554,1.2,466.5410000000003,4.354000000000003,6,2,2
Fc1ccc(Nc2ncnc3ccc(NC(=O)C=C)nc23)cc1Br,50134754,1.2,388.2000000000001,3.794500000000001,5,2,4
COCCOc1cc2ncnc(Nc3ccc(F)c(Cl)c3)c2cc1NC(=O)\C=C\CN(C)C,50419172,1.2,473.93600000000026,4.2474000000000025,7,2,10
CN(C)C\C=C\C(=O)Nc1cc2c(Nc3cccc(c3)C#C)ncnc2cc1O[C@H]1CCOC1,50419166,1.2,457.5340000000003,3.578700000000002,7,2,8
Brc1cccc(Nc2ncnc3cnc(NCCc4ccccn4)cc23)c1,5479,1.2,421.3020000000002,4.580500000000002,6,2,6
CCC(=O)N1CC[C@H](C1)Oc1nc(Nc2ccc(cc2)N2CCN(C)CC2)c(nc1CC)C(N)=O,314502,1.2,481.6010000000004,2.023000000000001,8,2,8
COCCOc1cc2ncnc(Nc3cccc(c3)C#C)c2cc1NC(=O)\C=C\CN(C)C,50419179,1.2,445.52300000000025,3.436200000000002,7,2,10
Nc1ncnc2n(nc(-c3ccc(Oc4ccccc4)cc3)c12)[C@H]1CCCN(C1)C(=O)C=C,51433243,1.2,440.5070000000004,4.217300000000003,7,1,5
ONC(=O)c1ccccc1Nc1nc(Nc2ccc(OCCCN3CCOCC3)cc2)ncc1Cl,51422302,1.2,498.97100000000034,3.8373000000000026,9,4,10
COc1ccccc1Nc1ncc(C)c(n1)-c1cc2c([nH]1)C1(CCN(CC1)C(=O)C=C)CNC2=O,51435431,1.2,472.5490000000004,3.3219200000000013,6,3,5
CC(=O)C=CC(=O)Nc1ccc2ncnc(Nc3cccc(Br)c3)c2c1,7259,1.2,411.25900000000007,4.2196000000000025,5,2,5
NC(=O)c1c2NCCC(C3CCN(CC3)C(=O)C=C)n2nc1-c1ccc(Oc2ccccc2)cc1,51523672,1.2,471.56100000000015,4.222600000000004,6,2,6
CN(C)CCNCc1cc(ccc1F)-c1cc2c(N[C@H](CO)c3ccccc3)ncnc2[nH]1,51381366,1.2,448.5460000000001,3.5607000000000006,6,4,10
OCCN(CCO)CCCNc1cc2ncnc(Nc3cccc(Br)c3)c2cn1,5427,1.2,461.3640000000001,2.6194999999999995,8,4,11
Brc1cccc(Nc2ncnc3ccc(NC(=O)[C@@H]4O[C@H]4CN4CCCCC4)cc23)c1,50552414,1.24,482.3820000000004,4.327700000000002,6,2,6
Brc1cccc(Nc2ncnc3ccc4cc[nH]c4c23)c1,5346,1.24,339.1960000000001,4.617200000000001,3,2,2
COc1cc2ncnc3Nc4cc(Cl)c(F)cc4OCCOCCOCCOc1cc23,51494722,1.3,449.8660000000005,3.978900000000003,8,1,1
CC(C)Oc1ccccc1Nc1nccc(n1)-c1cc2c([nH]1)C1(CCN(CC1)C(=O)C=C)CNC2=O,51435432,1.3,486.5760000000004,3.792100000000002,6,3,6
Nc1ncnc2n(nc(-c3ccc(Oc4ccccc4)cc3)c12)C1CCCN(C1)C(=O)C=C,766870,1.3,440.5070000000004,4.217300000000003,7,1,5
Nc1ncnc2n3C[C@@H](NC(=O)C=C)C(=C)c3c(-c3ccc(Oc4ccccc4)cc3)c12,51115246,1.3,423.47600000000006,4.170400000000003,6,2,5
Fc1ccc(Nc2ncnc3cnc(NC(=O)C#CCCN4CCOCC4)cc23)cc1Cl,50836392,1.3,454.8930000000004,3.225100000000001,7,2,5
Cc1cccc(Nc2ncnc3cnc(NCCc4cnc[nH]4)cc23)c1,5494,1.3,345.41,3.4545200000000014,6,3,6
CN(C)CCn1cnc2cc3ncnc(Nc4cccc(Br)c4)c3cc12,5335,1.32,411.3070000000001,4.047200000000003,6,1,5
OS(=O)(=O)CCNc1c(Br)cccc1Nc1ncnc2ccncc12,50210434,1.4,424.2800000000001,2.8306000000000004,7,3,6
CN(C)C\C=C\C(=O)N(C)c1cc2c(cc1F)nc(Nc1ccccc1C)c1cncn21,50701838,1.4,432.5030000000001,4.154220000000002,6,1,6
CNc1cc2ncnc(Nc3cccc(C)c3)c2cn1,5436,1.4,265.32,3.118520000000001,5,2,3
OCC#CC(=O)Nc1ccc2ncnc(Nc3ccc(F)c(Cl)c3)c2c1,50836453,1.4,370.7710000000001,3.100100000000001,5,3,3
OS(=O)(=O)CCNc1cc2ncnc(Nc3cccc(Br)c3)c2cn1,5435,1.4,424.2800000000001,2.8306000000000004,7,3,6
C[C@@H](Nc1ncnc2[nH]c(cc12)-c1cccc(c1)C(N)=O)c1ccccc1,51381340,1.4,357.4170000000001,3.896900000000002,4,3,5
Brc1cccc(Nc2ncnc3ccc(NC(=O)NCCN4CCOCC4)cc23)c1,50501202,1.4,471.3590000000004,3.5896000000000017,6,3,6
Brc1cccc(Nc2ncnc3ccc(NS(=O)(=O)C=C)cc23)c1,7275,1.4,405.27700000000016,4.0211000000000015,5,2,5
CN1CCN(CC1)c1ccc(Nc2ncc3ncc(=O)n(-c4cccc(NC(=O)C=C)c4)c3n2)cc1,479055,1.47,482.5480000000002,2.7956000000000003,9,2,6
C[C@@H](Nc1ncnc2oc(cc12)-c1ccc(O)cc1)c1ccccc1,50520078,1.5,331.37500000000006,4.768500000000003,5,2,4
Cc1cccc(Nc2ncnc3cnc(NCCN4CCOCC4)cc23)c1,5492,1.5,364.45300000000026,2.820920000000001,7,2,6
CCOC(=O)\C=C\C(=O)Nc1cc2c(Nc3cccc(Br)c3)ncnc2cn1,7262,1.5,442.2730000000001,3.588700000000001,7,2,6
Cc1cccc(Nc2ncnc3cc(OCCCN4CCOCC4)c(NC(=O)C=C)cc23)c1,50154888,1.5,447.5390000000003,3.907420000000003,7,2,9
Nc1ncc2ncnc(Nc3cccc(Br)c3)c2n1,5445,1.5,317.15000000000003,2.5081000000000007,6,2,2
OC(=O)CNc1cc2ncnc(Nc3cccc(Br)c3)c2cn1,5431,1.5,374.1980000000001,3.027400000000001,6,3,5
COc1cc(ccc1-c1cc2c(N[C@H](CO)c3ccccc3)ncnc2s1)C(N)=O,50459003,1.5,420.49400000000014,3.611300000000001,7,3,7
Brc1cccc(Nc2ncnc3cnc(NCc4cccnc4)cc23)c1,5478,1.5,407.27500000000015,4.538000000000001,6,2,5
Fc1ccc(Nc2ncnc3cc(OCCCN4CCOCC4)c(NC(=O)C=C)nc23)cc1Cl,50154869,1.5,486.9350000000003,3.786500000000003,8,2,9
Fc1ccc(Nc2ncnc3cc(OCCCN4CCOCC4)c(NC(=O)C=C)cc23)cc1Cl,7248,1.5,485.94700000000034,4.391500000000003,7,2,9
CCOc1cc2ncnc(Nc3ccc(Oc4cc5nncn5cn4)c(C)c3)c2cc1NC(=O)C=C,51500359,1.5,482.5040000000002,4.435020000000002,10,2,8
OC(=O)CNc1c(Br)cccc1Nc1ncnc2ccncc12,50210585,1.5,374.1980000000001,3.027400000000001,6,3,5
Cc1cccc(Nc2ncnc3ccc(NC(=O)C=C)cc23)c1F,50733971,1.5,322.34300000000013,3.945420000000002,4,2,4
Clc1cccc(Nc2ncnc3ccc(NC(=O)C=C)cc23)c1,50056635,1.6,324.7710000000001,4.151300000000001,4,2,4
COC[C@H]1CCN1C\C=C\C(=O)Nc1cc2c(Nc3ccc(F)c(Cl)c3)ncnc2cc1OC,502244,1.6,485.9470000000002,4.389900000000003,7,2,9
Nc1ccc2ncnc(Nc3cccc4ccccc34)c2c1,51499297,1.6,286.3380000000001,4.108800000000002,4,2,2
CC(=C)C(=O)Nc1cc2c(Nc3cccc(Br)c3)ncnc2cn1,7250,1.6,384.2370000000001,4.045500000000002,5,2,4
OC[C@@H](Nc1ncnc2[nH]c(cc12)-c1ccc(F)c(CO)c1)c1ccccc1,51381367,1.6,378.4070000000001,3.401800000000001,5,4,6
Cc1cccc(Nc2ncnc3cc(NC(=O)C=C)ccc23)c1,50134792,1.6,304.35300000000007,3.806320000000001,4,2,4
Brc1cccc(Nc2ncnc3ccc(NC(=O)C=C=C)cc23)c1,7257,1.6,381.2330000000002,4.4155000000000015,4,2,4
Cn1cc(Nc2nc(Oc3cccc(NC(=O)C=C)c3)c3cc[nH]c3n2)cn1,50487819,1.6,375.3920000000001,3.351800000000001,7,3,6
OCC(O)Cn1ccc2cc3c(Nc4cccc(Br)c4)ncnc3cc12,5393,1.6,413.2750000000001,3.4438000000000013,6,3,5
COC[C@H]1Oc2cc3ncnc(Nc4cccc(I)c4)c3cc2O[C@@H]1COC,50505064,1.66,493.3010000000002,3.779200000000002,7,1,6
CN(CCO)CCNc1cc2c(Nc3cccc(Br)c3)ncnc2cn1,5471,1.7,417.311,2.8669,7,3,8
Brc1cccc(Nc2ncnc3cnc(NCCCn4ccnc4)cc23)c1,5481,1.7,424.3060000000002,4.229600000000001,7,2,7
C=CC(=O)N1CCC(CC1)Oc1cc2c(Nc3cccc(c3)C#C)ncnc2cc1O[C@H]1CCOC1,51525806,1.7,484.5560000000003,4.078200000000003,7,1,7
Fc1ccc(Nc2ncnc3ccc(NC(=O)C#CCCN4CCOCC4)cc23)cc1Cl,50836494,1.7,453.9050000000003,3.8301000000000025,6,2,5
Brc1cccc(Nc2ncnc3cc4nccnc4cc23)c1,5348,1.7,352.19500000000005,4.079100000000001,5,1,2
OCCCCOCCOc1cc2ncnc(Nc3ccc(F)c(Cl)c3)c2cc1NC(=O)C=C,50154879,1.7,474.9200000000002,4.458300000000003,7,3,12
CC(C)c1ncc(N2C[C@H](O)[C@H]2C)c2cnc(Nc3ccnc(n3)N3CC[C@@H](O)[C@@](C)(F)C3)cc12,51485652,1.8,481.5760000000003,3.155400000000002,9,3,5
Cc1cccc(Nc2ncnc3cnc(NCCCN4CCOCC4)cc23)c1,5493,1.8,378.48000000000025,3.2110200000000013,7,2,7
CCOc1cc2ncnc(C#Cc3c[nH]nc3-c3ccc(F)cc3)c2cc1OCC,50400485,1.8,402.42900000000014,4.356200000000004,5,1,5
CN(C)CCCCNc1cc2c(Nc3cccc(Br)c3)ncnc2cn1,5469,1.8,415.33900000000006,4.284600000000003,6,2,8
CN1CCN(CC1)c1ccc(Nc2nc(Oc3cccc(NC(=O)C=C)c3)c3cc[nH]c3n2)cc1F,51420335,1.8,487.53900000000016,4.5092000000000025,7,3,7
Brc1cccc(Nc2ncnc3ccc(NC(=S)NCCN4CCOCC4)cc23)c1,50501126,1.8,487.4270000000004,3.754500000000002,6,3,6
CCN(CC)CCC#CC(=O)Nc1ccc2ncnc(Nc3ccc(F)c(Cl)c3)c2c1,50836397,1.8,439.9220000000001,4.839700000000004,5,2,7
COCCOc1cc2ncnc(Nc3cccc(c3)C#C)c2cc1NC(=O)C=C,50419190,1.8,388.4270000000002,3.5044000000000013,6,2,8
Brc1cccc(Nc2ncnc3ccncc23)c1NCCCN1CCOCC1,50210428,1.9,443.3490000000004,3.6651000000000016,7,2,7
OCCn1ccc2ncnc(Nc3ccc(Oc4cccc5[nH]ncc45)c(Cl)c3)c12,50942980,1.9,420.86000000000007,4.489200000000003,7,3,6
Brc1cccc(Nc2ncnc3cc(NCCCN4CCOCC4)ncc23)c1,5422,1.9,443.34900000000033,3.6651000000000016,7,2,7
Nc1ncnc2n(nc(-c3cccc4ccccc34)c12)[C@@H]1CCCN(C1)C(=O)C=C,51111373,1.9,398.4700000000003,3.5782000000000016,6,1,3
CN(C)C\C=C\C(=O)Nc1cc2c(Nc3cccc(Br)c3)c(cnc2cn1)C#N,50597148,1.9,451.3280000000001,4.063880000000002,6,2,6
COc1cc2ncnc(Nc3ccc(F)c(Cl)c3)c2cc1OCCNCCN(C)C,50733032,2.0,433.9150000000003,3.704500000000002,7,2,10
CCC(=O)Nc1cc2c(Nc3ccc(F)c(Cl)c3)ncnc2cc1OC,50518406,2.0,374.80300000000005,4.523000000000003,5,2,5
CCOc1cc2ncnc(Nc3ccc(F)c(Cl)c3)c2cc1NC(=O)\C=C\CN1CC[C@@H]1COC,502248,2.0,499.97400000000033,4.780000000000004,7,2,10
CN1CCN(CCCOc2cc3ncnc(Nc4cccc(C)c4)c3cc2NC(=O)C=C)CC1,50154868,2.0,460.5820000000003,3.8226200000000015,7,2,9
Fc1ccc(Nc2ncnc3cnc(NC(=O)\C=C\CN4CCCCC4)cc23)cc1Cl,50518350,2.0,440.9100000000003,4.541500000000004,6,2,6
OCC#CC(=O)Nc1ccc2ncnc(Nc3cccc(Br)c3)c2c1,6769,2.0,397.2320000000001,3.070100000000001,5,3,3
COc1cc2ncnc(Nc3ccc(F)c(Cl)c3)c2cc1NC(=O)[C@H]1NC(=O)O[C@@H]1C,50503864,2.0,445.8380000000002,3.6099000000000014,7,3,5
COc1cc(ccc1-c1cc2c(N[C@H](C)c3ccccc3)ncnc2s1)C(N)=O,50458999,2.0,404.4950000000001,4.638900000000003,6,2,6
OC[C@@H](Nc1ncnc2[nH]c(cc12)-c1ccncc1)c1ccccc1,51381357,2.0,331.3790000000001,3.1654000000000018,5,3,5
Nc1ccc(cc1)-c1[nH]nc2ncnc(Nc3cccc(Cl)c3)c12,3899,2.0,336.7860000000001,3.999100000000001,5,3,3
COc1cc2ncnc(Nc3cccc(Cl)c3F)c2cc1OC1CCN(CC(N)=O)CC1,50351576,2.0,459.9090000000004,3.503000000000002,7,2,7
COc1cc2ncnc(Nc3cccc(Cl)c3F)c2cc1OC1CCN(C)CC1,50351571,2.0,416.8840000000003,4.647500000000004,6,1,5
CC(=O)NCCOc1cc2ncnc(Nc3ccc(Br)cc3F)c2cc1NC(=O)C=C,266729,2.0,488.3170000000002,3.9144000000000014,6,3,8
CCN1CCN(Cc2ccc(cc2)-c2cc3c(N[C@H](C)c4ccccc4)ncnc3[nH]2)CC1,50703610,2.0,440.5950000000002,4.935500000000003,5,2,7
COCCOc1cc2ncnc(Nc3ccc(F)c(Cl)c3)c2cc1NC(=O)\C=C\[C@H]1CCCN1C,274974,2.0,499.97400000000033,4.780000000000004,7,2,9
Fc1ccc(Nc2ncnc3sc4CN(CCc4c23)C(=O)\C=C\[C@@H]2CCCN2)cc1Cl,218472,2.0,457.9620000000002,4.420300000000003,6,2,4
COc1cc(N2CCN(C)CC2)c(NC(=O)C=C)cc1Nc1nccc(n1)-c1cn(C)c2ccccc12,50393924,2.0,497.6030000000002,4.2638000000000025,8,2,7
COc1cc2ncnc(Nc3cccc(Cl)c3F)c2cc1OCC1CCN(C)CC1,50351567,2.0,430.91100000000034,4.895100000000004,6,1,6
C[C@@H](Nc1ncnc2sc(cc12)-c1ccc(cc1)C(=O)NCCN(C)C)c1ccccc1,50458995,2.0,445.5920000000002,4.822800000000004,6,2,8
CN(C)CCNC(=O)c1ccc(cc1)-c1cc2c(N[C@H](CO)c3ccccc3)ncnc2s1,50459001,2.0,461.5910000000002,3.795200000000002,7,3,9
OC[C@@H](Nc1ncnc2oc(cc12)-c1ccc(O)cc1)c1ccccc1,50520075,2.0,347.3740000000001,3.7409000000000026,6,3,5
Fc1ccc(Nc2ncnc3cnc(NC(=O)\C=C\CN4CCOCC4)cc23)cc1Cl,50518520,2.0,442.8820000000003,3.387800000000002,7,2,6
C[C@@H](Nc1ncnc2oc(cc12)-c1ccccc1O)c1ccccc1,50520070,2.0,331.37500000000006,4.768500000000004,5,2,4
COc1cc2ncnc(Nc3cccc(Cl)c3F)c2cc1OC1CCN(CC1)S(C)(=O)=O,50351575,2.0,480.9490000000004,3.977300000000003,7,1,6
Fc1ccc(Nc2ncnc3cc4OCCOCCOCCOc4cc23)cc1Cl,50952873,2.0,419.84000000000015,3.970300000000004,7,1,2
Clc1cccc(Nc2ncnc3cc4OCCOCCOCCOc4cc23)c1,50952871,2.0,401.85000000000025,3.8312000000000017,7,1,2
CN(C)C\C=C\C(=O)Nc1cc2c(Nc3ccc(F)c(Cl)c3)ncnc2cn1,50518572,2.0,400.845,3.6172,6,2,6
CC(C)n1c2cc(C)ccc2c(nc1=O)-c1ccccc1,51505077,2.0,278.355,3.952820000000002,3,0,2
Nc1ncnc2n(nc(-c3cnc4[nH]ccc4c3)c12)[C@@H]1CCCN(C1)C(=O)\C=C(\C#N)C1CC1,51518658,2.0,453.5100000000004,2.975280000000001,8,2,4
CCOc1cc2ncnc(Nc3ccc(F)c(Cl)c3)c2c2OCCOc12,50497582,2.0,375.7870000000002,4.3358000000000025,6,1,4
CC(=O)Nc1ccc2ncnc(Nc3cccc(c3)C#C)c2c1,50501197,2.0,302.33700000000005,3.3131000000000013,4,2,3
Oc1ccc(F)cc1[C@@H](N1Cc2ccccc2C1=O)C(=O)Nc1nccs1,51299011,2.0,383.40400000000005,3.3236000000000008,5,2,4
COC(CN(C)C\C=C\C(=O)Nc1cc2c(Nc3ccc(F)c(Cl)c3)ncnc2s1)OC,50085735,2.0,479.96500000000015,4.272800000000002,8,2,10
C#Cc1cccc(Nc2ncnc3cc4OCCOCCOCCOc4cc23)c1,50952874,2.0,391.42700000000025,3.1591000000000022,7,1,2
C1Oc2cc3ncnc(Nc4cccc(c4)-c4ccccc4)c3cc2O1,50110013,2.0,341.3700000000001,4.769100000000003,5,1,3
CC(C)n1cnc2c(Nc3cnn(C)c3)nc(nc12)N1C[C@@H](F)[C@@H](C1)NC(=O)C=C,51105672,2.0,413.4610000000002,1.7131999999999996,9,2,6
Nc1ccc2c(Nc3cccc(F)c3)ncnc2c1,5280,2.0,254.26800000000003,3.0947000000000005,4,2,2
CCOc1cc2ncc(C#N)c(Nc3ccc(F)c(Cl)c3)c2cc1NC(=O)CCN1CCOCC1,50933648,2.02,497.9580000000004,4.702080000000003,7,2,8
NC(=O)c1c2NCCC(C3CN(C3)C(=O)C=C)n2nc1-c1ccc(Oc2ccccc2)cc1,51304484,2.1,443.5070000000001,3.442400000000002,6,2,6
CC(C)c1cnc(N2CCC2)c2cnc(Nc3ccnc(n3)N3CC[C@@H](O)[C@@](C)(F)C3)cc12,51485645,2.1,451.5500000000002,3.7961000000000023,8,2,5
CN(C)C\C=C\C(=O)Nc1ccc2ncnc(Nc3ccc(Oc4cc5nncn5cn4)c(C)c3)c2c1,51500363,2.1,495.54700000000025,3.9681200000000025,10,2,8
Cc1cccc(Nc2ncnc3c4cc(N)ccc4sc23)c1,5533,2.1,306.39400000000006,4.478720000000002,5,2,2
COc1cc2ncnc(Nc3ccc(F)c(Cl)c3)c2cc1NC(=O)\C=C\CNC1CC1,50419144,2.1,441.8940000000002,4.4212000000000025,6,3,8
COc1cc2ncnc(Nc3ccc(F)c(Cl)c3)c2cc1NC(=O)CCCCCCC(=O)NO,50552123,2.1,489.9350000000004,4.959000000000002,7,4,11
Fc1cc(Br)ccc1Nc1ncnc2ccc(NC(=O)C=C)cc12,50733968,2.1,387.21200000000016,4.399500000000002,4,2,4
NC(=O)Nc1ccc2ncnc(Nc3cccc(c3)C#C)c2c1,50501196,2.2,303.32500000000005,2.845300000000001,4,3,3
OC[C@@H](Nc1ncnc2[nH]c(cc12)-c1cccnc1)c1ccccc1,51381358,2.2,331.3790000000001,3.1654000000000018,5,3,5
COc1cc(F)c(NC(=O)C=C)cc1Nc1nccc(n1)-c1cn(CCCO)c2ccccc12,51344282,2.2,461.4970000000003,4.496500000000004,7,3,9
COc1cc(N(C)C)c(NC(=O)C=C)cc1Nc1nccc(NC(=O)c2ccccc2)n1,51276637,2.2,432.4840000000001,3.6716000000000015,7,3,8
CN1CCN(CC1)c1ccc(Nc2nc(Oc3cccc(NC(=O)C=C)c3)c3cc[nH]c3n2)cc1N,51420334,2.2,484.5640000000002,3.9523,8,4,7
CC(C)c1ncc(N2CC[C@H]2C)c2cnc(Nc3ccnc(n3)N3CC[C@@H](O)[C@@](C)(F)C3)cc12,51485649,2.2,465.5770000000002,4.184600000000003,8,2,5
NC(=O)c1c(nn2c3cc(NC(=O)C=C)ccc3[nH]c12)-c1ccc(Oc2ccccc2)cc1,51304469,2.2,437.4590000000002,4.498300000000002,5,3,6
Nc1ncnc2n(C[C@@H]3CCCN3C(=O)C=C)nc(-c3ccc(Oc4ccccc4)cc3)c12,342700,2.298,440.5070000000001,4.044800000000003,7,1,6
Brc1cccc(Nc2ncnc3cnc(NCCn4ccnc4)nc23)c1,50210526,2.3,411.26700000000017,3.2345,8,2,6
Brc1cccc(Nc2ncnc3cnc(NCCCn4ccnc4)nc23)c1,5453,2.3,425.2940000000002,3.6246,8,2,7
COc1cc(N(C)CCN(C)C)c(NC(=O)C=C)cc1Nc1cc(ncn1)-c1cn(C)c2ccccc12,50888043,2.3,499.6190000000002,4.509800000000003,8,2,10
Fc1ccc(Nc2ncnc3ccc(NC(=S)NCCN4CCOCC4)cc23)cc1Cl,50501207,2.3,460.9660000000004,3.784500000000002,6,3,6
Cc1cccc(Nc2ncnc3cnc(NCCN4CCOCC4)nc23)c1,5458,2.3,365.44100000000026,2.21592,8,2,6
COc1ccc(NC(=O)C=C)cc1Nc1cc(ccn1)-c1[nH]c(SC)nc1C1CC1,50743786,2.3,421.5260000000002,4.947700000000003,6,3,8
COc1cc2ncnc(Nc3ccc(F)c(Cl)c3)c2cc1NC(=O)\C=C\CN1CCC1CO,502242,2.3,471.9200000000003,3.7358000000000025,7,3,8
CCS(=O)(=O)Nc1cc(cnc1OC)-c1ccc2ncnc(Nc3ccc(F)c(Cl)c3)c2c1,51038160,2.4,487.9440000000001,4.998100000000004,7,2,7
CN(C)CCCOC(=O)\C=C\C(=O)Nc1ccc2ncnc(Nc3cccc(Br)c3)c2c1,7266,2.4,498.38100000000014,4.125500000000002,7,2,9
CCOc1cc2ncnc(Nc3cccc(c3)C#C)c2cc1NC(=O)\C=C\CN(C)C1CC1,50419134,2.4,441.53500000000025,4.3423000000000025,6,2,9
COc1cc2ncnc(Nc3cccc(c3)C#C)c2cc1OCCCCCCC(=O)NO,50552104,2.4,434.4960000000004,4.198000000000002,7,3,11
Fc1c(Br)cccc1Nc1ncnc2cc3OCCOc3cc12,51389528,2.5,376.1850000000002,4.046200000000002,5,1,2
Cn1cc(-c2nn([C@@H]3CCCN(C3)C(=O)C=C)c3ncnc(N)c23)c2ccccc12,51111382,2.5,401.4740000000001,2.9167000000000005,7,1,3
COc1cc2ncnc(Nc3ccc(F)c(Cl)c3)c2cc1OCCCC#C,50554731,2.53,385.82600000000025,4.966700000000003,5,1,7
NC(=O)c1c2NCC[C@@H](C3CCN(CC3)C(=O)C=C)n2nc1-c1ccc(Oc2ccccc2)cc1,51304483,2.6,471.56100000000015,4.222600000000004,6,2,6
CN(CCO)c1c(Br)cccc1Nc1ncnc2ccncc12,50210582,2.6,374.2420000000001,2.9594000000000005,6,2,5
COc1cc2ncnc(Nc3cccc(Br)c3)c2cc1NC(=O)C(\F)=C\CN(C)C,50249172,2.6,474.3340000000002,4.498000000000003,6,2,7
CN(CCO)c1cc2ncnc(Nc3cccc(Br)c3)c2cn1,5409,2.6,374.2420000000001,2.9594000000000005,6,2,5
CN(C)Cc1c[nH]c2cc3ncnc(Nc4cccc(Br)c4)c3cc12,5400,2.6,396.2920000000001,4.6788000000000025,4,2,4
COc1cc2c(Nc3cccc(Br)c3)ncnc2cn1,5367,2.6,331.17300000000006,3.539500000000002,5,1,3
CCC(=O)Nc1ccc2ncnc(Nc3cccc(Br)c3)c2c1,50554721,2.62,371.238,4.484400000000003,4,2,4
Brc1cccc(Nc2ncnc3ccc(NC(=O)C#C)cc23)c1,50836425,2.7,367.2060000000001,3.707600000000001,4,2,3
Nc1cccc2c1sc1c(Nc3cccc(Br)c3)ncnc21,5545,2.7,371.2630000000001,4.932800000000001,5,2,2
COc1cc2ncnc(Nc3cccc(c3)C#C)c2cc1NC(=O)\C=C\CN1CCCCC1,50419137,2.7,441.5350000000004,4.343900000000003,6,2,7
Brc1cccc(Nc2ncnc3cnc(cc23)N(CCCN2CCOCC2)C(=O)C=C)c1,7264,2.7,497.3970000000005,3.7722000000000016,7,1,8
Fc1ccc(Nc2ncnc3cc(CCCCN4CCOCC4)c(NC(=O)C=C)nc23)cc1Cl,50154905,2.7,484.9630000000003,4.340300000000003,7,2,9
COc1ccc(cc1)-c1cc2c(N[C@H](CO)c3ccccc3)ncnc2o1,50520080,2.7,361.40100000000007,4.0439000000000025,6,2,6
Fc1ccc(Nc2ncnc3ccc(NC(=O)C=C)cc23)cc1Br,50056646,2.7,387.2120000000001,4.3995000000000015,4,2,4
CCOC(=O)\C=C\C(=O)Nc1ccc2ncnc(Nc3cccc(Br)c3)c2c1,7261,2.7,441.2850000000001,4.193700000000002,6,2,6
COC[C@H](C)Oc1cc2ncnc(Nc3ccc(F)c(Cl)c3)c2cc1NC(=O)\C=C\CN(C)C,651595,2.73,487.9630000000002,4.635900000000003,7,2,10
OCCn1ccc2ncnc(Nc3ccc(Oc4cccc5CC(=O)Nc45)c(Cl)c3)c12,50942984,2.8,435.87100000000015,4.107500000000002,7,3,6
CN1CCN(CC1)C(=O)c1cc(C)c(\C=C2/C(=O)Nc3ncnc(Nc4ccc(F)c(Cl)c4)c23)[nH]1,8213,2.8,495.9460000000001,3.5295200000000007,6,3,4
COc1ccc(cc1)N(C)c1nc(C)nc2ccccc12,51378997,2.8,279.343,3.7147200000000025,4,0,3
COc1ccccc1Nc1nccc(n1)-c1cc2c([nH]1)C1(CCN(CC1)C(=O)C#CN(C)C)CNC2=O,51435428,2.8,499.5750000000004,2.35,7,3,4
CN(C)c1cc2c(Nc3cccc(C)c3)ncnc2cn1,5491,2.8,279.347,3.1428200000000013,5,1,3
NC(=O)c1c(N)n(nc1-c1ccc(Oc2ncc(Cl)cc2F)cc1)C1CCCN(C1)C(=O)C=C,755672,2.9,484.9190000000003,3.560500000000002,7,2,6
NC(=O)c1c(N)n(nc1-c1ccc(Oc2ncc(Cl)cc2F)cc1)[C@@H]1CCCN(C1)C(=O)C=C,972421,2.9,484.9190000000003,3.560500000000002,7,2,6
Brc1cccc(Nc2ncnc3cnc(NCCCN4CCOCC4)nc23)c1,5451,2.9,444.3370000000004,3.0601000000000003,8,2,7
Fc1ccc(Nc2ncnc3ccc(NC(=O)NCCN4CCOCC4)cc23)cc1Cl,50501204,2.9,444.8980000000004,3.619600000000003,6,3,6
C[C@@H](CS)C(=O)N1CCC[C@H]1C(=O)NO,50983290,3.0,232.305,0.0487,4,3,3
CCN(CC)CC1CCN(CC1)c1ncc2ncnc(Nc3ccc(F)c(Cl)c3)c2n1,51478405,3.0,443.9580000000001,4.514100000000004,7,1,7
Nc1ccc2ncnc(Nc3ccc4[nH]ncc4c3)c2c1,51499300,3.0,276.30300000000005,2.831900000000001,5,3,2
Brc1cccc(Nc2ncnc3cc(OCCCn4ccnc4)c(NC(=O)C=C)cc23)c1,50154891,3.0,493.3650000000003,4.926000000000003,7,2,9
COc1cc2ncnc(N3CCc4ccccc34)c2cc1NC(=O)\C=C\CN1CCCC1,51101292,3.0,429.5240000000003,3.9231000000000025,6,1,6
CCc1nn(C)cc1Nc1nc(nc2n(cnc12)C(C)C)N1C[C@@H](F)[C@@H](C1)NC(=O)C=C,51105675,3.0,441.5150000000002,2.2756,9,2,7
Nc1ncnc2n(nc(Cc3ccccc3)c12)[C@@H]1CCCN(C1)C(=O)C=C,51146553,3.0,362.4370000000002,2.3488,6,1,4
OC[C@@H](Nc1ncnc2sc(cc12)-c1cccc(CO)c1)c1ccccc1,50459009,3.0,377.4690000000001,3.996100000000002,6,3,6
Fc1ccc(Nc2ncnc3sc(NC(=O)\C=C\CN4CCOCC4)cc23)cc1Cl,50085748,3.0,447.92300000000034,4.054300000000002,7,2,6
CNCCCOc1cc2ncnc(Nc3ccc(Br)cc3F)c2cc1NC(=O)C=C,266728,3.0,474.3340000000001,4.387800000000003,6,3,9
CS(=O)(=O)CCNC\C=C\C(=O)Nc1cc2c(Nc3ccc(F)c(Cl)c3)ncnc2s1,50085729,3.0,483.9780000000001,3.356300000000001,8,3,9
Fc1ccc(Nc2ncnc3cc4OCCN(C(=O)\C=C\CN5CCCC5)c4cc23)cc1Cl,51321517,3.0,467.9320000000002,4.543300000000004,6,1,5
CN1CCC(CC1)Nc1ncc2ncnc(Nc3ccc(F)c(Cl)c3)c2n1,50056854,3.0,387.85000000000014,3.462000000000001,7,2,4
CN(C)C\C=C\C(=O)Nc1cc2c(Nc3ccc4n(Cc5ccccc5)ncc4c3)ncnc2cn1,50518597,3.0,478.5600000000002,4.222700000000002,8,2,8
O=C(\C=C\CN1CCCC1)N1CCOc2cc3ncnc(Nc4cccc(c4)C#C)c3cc12,51091743,3.0,439.5190000000002,3.7321000000000017,6,1,5
COc1c(cccc1-c1cc2c(N[C@H](C)c3ccccc3)ncnc2s1)C(=O)NCCN(C)C,50457424,3.0,475.6180000000002,4.831400000000004,7,2,9
CC(=O)Nc1ccc2ncnc(Nc3ccc(OCc4ccccn4)c(Cl)c3)c2c1,50307937,3.0,419.8720000000001,4.959200000000003,6,2,6
CN1CCC(CC1)Oc1cccc2ncnc(Nc3ccc(F)c(Cl)c3)c12,50332666,3.0,386.8580000000001,4.638900000000003,5,1,4
CNS(=O)(=O)c1cccc(Nc2cc(Nc3cccc(C)c3)ncn2)c1,50766000,3.0,369.4500000000001,3.180320000000002,6,3,6
Oc1ccc(F)cc1C(N1Cc2ccccc2C1=O)C(=O)Nc1nccs1,51111381,3.0,383.40400000000005,3.3236000000000008,5,2,4
COc1cc(N2CCC(CC2)N(C)C)c(NC(=O)C=C)cc1Nc1nccc(n1)-c1cccnc1,827542,3.0,473.5810000000001,3.945700000000002,8,2,8
Cc1cccc(Nc2ncnc3cnc(NCCc4c[nH]cn4)nc23)c1,50210542,3.0,346.398,2.84952,7,3,6
COc1cc2ncnc(Nc3ccc(F)c(Cl)c3)c2cc1OCC1CCN(C)CC1,50351565,3.0,430.91100000000034,4.895100000000004,6,1,6
COc1cc(N(C)CCN(C)C)c(NC(=O)C=C)cc1Nc1nccc(n1)-c1cn(C)c2ccccc12,548604,3.0,499.6190000000002,4.509800000000003,8,2,10
CN(C)C\C=C\C(=O)N1CCOc2cc3ncnc(Nc4cccc(c4)C#C)c3cc12,51091737,3.0,413.4810000000001,3.1979000000000006,6,1,5
OCCn1ccc2ncnc(Nc3ccc(Oc4cccc5NC(=O)Cc45)c(Cl)c3)c12,50942983,3.0,435.87100000000015,4.107500000000003,7,3,6
CCN(CC)C(C)(Cc1ccccc1)C#Cc1ncnc2cc(OC)c(OC)cc12,50400492,3.0,403.5260000000002,4.341700000000004,5,0,7
COCCN1CCC(CC1)Oc1cc2c(Nc3cccc(Cl)c3F)ncnc2cc1OC,50351579,3.0,460.9370000000002,4.664100000000004,7,1,8
CN(C)C\C=C\C(=O)Nc1cc2ncnc(Nc3ccc(F)c(Cl)c3)c2cc1O[C@@H]1CCOC1,51392986,3.0,485.9470000000002,4.389900000000003,7,2,8
Cc1cccc(Nc2ncnc3cnc(NCCc4cnc[nH]4)nc23)c1,5459,3.0,346.398,2.84952,7,3,6
Cn1cc(cn1)-c1ccc2ncnc(Nc3ccc(F)c(Cl)c3)c2c1,50511157,3.0,353.78800000000007,4.5664000000000025,5,1,3
CNC1=NC=C2C(C1)N=CN(C)C2=Nc1cccc(Br)c1,50080498,3.1,346.232,2.7269000000000005,4,1,1
Cc1cccc(Nc2ncnc3cnc(N)cc23)c1,5489,3.1,251.29300000000003,2.65902,5,2,2
Fc1ccc(Nc2ncnc3cnc(NC(=O)C#CCN4CCOCC4)cc23)cc1Cl,50836435,3.1,440.8660000000003,2.835000000000001,7,2,4
COc1cc2ncnc(Nc3ccc(F)c(Cl)c3)c2cc1OCCn1ccnc1[N+]([O-])=O,50258397,3.1,458.8370000000003,4.358200000000003,9,1,8
CN(C(=O)C=C)c1ccccc1C1CCNc2c(C(N)=O)c(nn12)-c1ccc(Oc2ccccc2)cc1,51304414,3.1,493.5670000000002,4.995100000000003,6,2,7
CNc1cc2ncn(C)\c(=N/c3cccc(Br)c3)c2cn1,5359,3.1,344.21600000000007,3.004900000000001,5,1,2
CNc1ccc2ncnc(Nc3cccc(Br)c3)c2n1,5382,3.1,330.1890000000001,3.5726000000000013,5,2,3
CN(C)c1ccc(cc1)N(C)c1ncnc2occ(C)c12,51130701,3.1,282.347,3.365120000000002,5,0,3
CN(CC(O)CO)c1c(Br)cccc1Nc1ncnc2ccncc12,50210438,3.2,404.2680000000001,2.3203,7,3,6
CN(CC(O)CO)c1cc2ncnc(Nc3cccc(Br)c3)c2cn1,5411,3.2,404.2680000000001,2.3203,7,3,6
CC(C)(C)OC(=O)NCC(=O)Nc1ccc2ncnc(Nc3cccc(Br)c3)c2c1,50740916,3.2,472.3430000000001,4.599100000000003,6,3,5
Brc1cccc(Nc2ncnc3ccncc23)c1NCCN1CCOCC1,50210536,3.2,429.32200000000034,3.2750000000000004,7,2,6
COc1cc(ccc1Nc1ncc(Cl)c(Oc2cccc(NC(=O)C=C)c2)n1)N1CCN(C)CC1,50076445,3.2,494.9830000000003,4.550800000000004,8,2,8
NC(=O)c1c2NCCC(n2nc1-c1ccc(Oc2ccccc2)cc1)C1(CC1)NC(=O)C=C,51304485,3.2,443.5070000000002,3.632800000000002,6,3,7
Brc1cccc(Nc2ncnc3cc(NCCN4CCOCC4)ncc23)c1,5421,3.2,429.3220000000003,3.275000000000001,7,2,6
Nc1ccc2c(Nc3cccc(c3)C(F)(F)F)ncnc2c1,5284,3.3,304.27500000000003,3.974400000000001,4,2,2
Oc1ccc(cc1)-c1cc2c(NCc3ccccc3)ncnc2[nH]1,50703595,3.3,316.36400000000003,3.9426000000000014,4,3,4
Nc1ncnc(Nc2ccc(OCc3ccccn3)c(Cl)c2)c1-c1nc(CNC(=O)C=C)co1,50937772,3.3,477.9120000000002,3.887000000000003,9,3,9
Brc1cccc(Nc2ncnc3ccc(cc23)N(CCCN2CCOCC2)C(=O)C=C)c1,7265,3.3,496.4090000000005,4.377200000000004,6,1,8
C[C@@H](Nc1ncnc2[nH]c(cc12)-c1ccccc1)c1ccccc1,50703602,3.3,314.39200000000005,4.798000000000003,3,2,4
COc1cc2ncnc(Nc3cccc(c3)C#C)c2cc1NC(=O)\C=C\CN(C)C1CC1,50419135,3.3,427.50800000000027,3.952200000000003,6,2,8
Fc1ccc(Nc2ncnc3cnc(NC(=O)C=C)cc23)cc1Cl,50056630,3.3,343.74900000000014,3.685400000000001,5,2,4
CN(C)C\C=C\C(=O)N(C)c1cc2c(cc1Cl)nc(Nc1cc(F)ccc1C)c1cncn21,50701839,3.35,466.94800000000015,4.8076200000000044,6,1,6
COc1cc2ncnc(Nc3ccc(F)c(Cl)c3)c2cc1OCCCCCC(=O)NO,50552098,3.4,448.8820000000004,4.619100000000003,7,3,10
COC(=O)CN(C)Cc1c[nH]c2cc3ncnc(Nc4cccc(Br)c4)c3cc12,5403,3.4,454.32800000000015,4.222000000000002,6,2,6
COC1CN(C1)c1ncc(C(C)C)c2cc(Nc3ccnc(n3)N3CC[C@@H](O)[C@@](C)(F)C3)ncc12,51485654,3.4,481.57600000000025,3.421000000000002,9,2,6
COC(=O)c1cnc(Nc2ccc(cc2OC)N2CCN(C)CC2)nc1-c1cn(C)c2ccccc12,51528522,3.4,486.5760000000004,3.925900000000003,9,1,6
Nc1ccc2ncnc(Nc3cccc(Cl)c3)c2c1,50695142,3.4,270.72300000000007,3.609000000000001,4,2,2
COc1ccc2N(CCCc2c1)c1nc(C)nc2oc(C)cc12,50306658,3.4,309.3690000000001,3.932540000000003,5,0,2
Cc1cccc(Nc2ncnc3ccncc23)c1NCCCn1ccnc1,50210267,3.5,359.4370000000002,3.775520000000001,7,2,7
Cc1cccc(Nc2ncnc3cc(NCCCn4ccnc4)ncc23)c1,5440,3.5,359.43700000000007,3.775520000000002,7,2,7
CC(C)(C)NC[C@H](O)CON=C(C1CC1)C1CC1,50983294,3.5,254.37399999999997,1.928,4,2,7
OCCN(CCO)Cc1c[nH]c2cc3ncnc(Nc4cccc(Br)c4)c3cc12,5399,3.5,456.3440000000001,3.4038000000000004,6,4,8
Cn1cc(cn1)-c1ccc2ncnc(Nc3cccc(c3)C#C)c2c1,50511159,3.6,325.3750000000001,3.755200000000002,5,1,3
CCOc1cc2ncnc(Nc3ccc(C)cc3)c2c2OCCOc12,50497577,3.6,337.3790000000002,3.851720000000002,6,1,4
CC(C)c1cnc(N2CC(O)C2)c2cnc(Nc3ccnc(n3)N3CC[C@@H](O)[C@@](C)(F)C3)cc12,51485650,3.6,467.54900000000026,2.766900000000001,9,3,5
Clc1ccc(Nc2ncnc3[nH]ccc23)cc1Br,51456394,3.6,323.581,4.117400000000001,3,2,2
COc1ccc(cc1)N(C)c1nc(Cl)nc2ccccc12,51379004,3.6,299.761,4.059700000000002,4,0,3
Brc1cccc(Nc2ncnc3cc4n(CCN5CCOCC5)ncc4cc23)c1,5389,3.7,453.34400000000034,3.817800000000002,7,1,5
Brc1cccc(Nc2ncnc3cc4n(CCN5CCOCC5)ccc4cc23)c1,5396,3.7,452.35600000000034,4.422800000000002,6,1,5
Fc1ccc(Nc2ncnc3ccc(NC(=S)NCCN4CCCCC4)cc23)cc1Cl,50501125,3.7,458.9940000000004,4.938200000000004,5,3,6
C[C@@H](Nc1ncnc2[nH]c(cc12)-c1ccc(O)cc1)c1ccccc1,50703586,3.7,330.3910000000001,4.503600000000002,4,3,4
C=CC(=O)Nc1ccc2ncnc(Nc3ccc(cc3)C(=O)Nc3ccccn3)c2c1,51385773,3.8,410.4370000000001,4.145200000000002,6,3,6
COc1cc2ncnc(Nc3cccc(F)c3)c2cc1OC,5292,3.8,299.30500000000006,3.529700000000002,5,1,4
COc1ncc2ncnc(Nc3cccc(Br)c3)c2n1,5448,3.8,332.16100000000006,2.9345,6,1,3
COc1cc2ncnc(Nc3cccc(Br)c3)c2cc1N,5308,3.8,345.2000000000001,3.726700000000002,5,2,3
C[C@@H](Nc1ncnc2[nH]c(cc12)-c1ccc(O)cc1)c1ccc(F)cc1,50703587,3.8,348.3810000000001,4.642700000000002,4,3,4
Brc1cccc(Nc2ncnc3[nH]ccc23)c1,51456393,3.8,289.136,3.4640000000000004,3,2,2
OC[C@@H](Nc1ncnc2oc(cc12)-c1ccccc1)c1ccccc1,50520058,3.9,331.37500000000006,4.035300000000002,5,2,5
CN(C)CCCCOc1cc2ncnc(Nc3cccc(Br)c3)c2cc1NC(=O)C=C,50154880,3.9,484.3980000000002,4.981000000000004,6,2,10
Fc1c(Cl)cccc1Nc1ncnc2cc3OCCOc3cc12,51389527,3.9,331.7340000000001,3.937100000000002,5,1,2
CN1CCN(CCCNc2cc3c(Nc4cccc(Br)c4)ncnc3cn2)CC1,5475,3.9,456.39200000000017,3.580300000000001,7,2,7
Fc1ccc(Nc2ncnc3cc4OCCN(C(=O)\C=C\CN5CCCCC5)c4cc23)cc1Cl,51321491,4.0,481.9590000000003,4.933400000000005,6,1,5
COc1cccc(Nc2nc3cnc(Nc4ccc(cc4)N4CCN(C)CC4)nc3n2C(C)C)c1,318705,4.0,472.5970000000003,4.654800000000003,9,2,7
CC(C)n1c(Nc2cccc(c2)C#C)nc2cnc(Nc3ccc(cc3)N3CCN(C)CC3)nc12,318701,4.0,466.5930000000003,4.627500000000004,8,2,6
CNC(=O)CN1CCC(CC1)Oc1cc2c(Nc3cccc(Cl)c3F)ncnc2cc1OC,51248899,4.0,473.9360000000001,3.763700000000001,7,2,7
CN(C)C\C=C\C(=O)N1CCOc2cc3ncnc(Nc4ccc(F)c(Cl)c4)c3cc12,51321505,4.0,441.8940000000001,4.009100000000002,6,1,5
OCCCn1cc(COc2cc3ncnc(Nc4ccc(F)c(Cl)c4)c3cc2NC(=O)C=C)nn1,51269759,4.0,497.9180000000002,3.843300000000002,9,3,10
COc1ccc(cc1)-c1cc2c(N[C@H](CCO)c3ccccc3)ncnc2o1,50520055,4.0,375.42800000000005,4.434000000000003,6,2,7
O=C(\C=C\CN1CCCCC1)N1CCOc2cc3ncnc(Nc4cccc(c4)C#C)c3cc12,51091739,4.0,453.54600000000016,4.122200000000003,6,1,5
CC(=O)CNCCOc1cc2ncnc(Nc3cc(Cl)c(Cl)cc3F)c2cc1NC(=O)C=C,266846,4.0,492.33800000000025,4.5012000000000025,7,3,10
COc1cc2ncnc(\C=C\CCc3ccccc3)c2cc1OC,50400493,4.0,320.3920000000001,4.293000000000004,4,0,6
CNCCN(C)c1cc(OC)c(Nc2nccc(n2)-c2cnc3n(C)ccc3c2)cc1NC(=O)C=C,827580,4.0,486.5800000000002,3.562600000000001,9,3,10
CC[C@@H](Nc1ncnc2[nH]c(cc12)-c1ccc(O)cc1)c1ccccc1,50703599,4.0,344.41800000000006,4.893700000000004,4,3,5
COc1cc2ncnc(Nc3ccc(F)c(c3)C#C)c2cc1OC,50212979,4.0,323.3270000000001,3.511000000000002,5,1,4
CNc1ccc2ncnc(Nc3cccc(Cl)c3)c2c1,50348892,4.0,284.75000000000006,4.068500000000002,4,2,3
CNS(=O)(=O)c1cccc(Nc2cc(Nc3cccc(c3)[N+]([O-])=O)ncn2)c1,50766048,4.0,400.4200000000001,2.780100000000001,8,3,7
CN(C)c1ncc2ncnc(Nc3cccc(C)c3)c2n1,5457,4.0,280.33500000000004,2.53782,6,1,3
CNc1ccc2cncnc2c1,50080472,4.0,159.19199999999998,1.6714999999999998,3,1,1
NC(=O)NCCOc1cc2ncnc(Nc3ccc(Br)cc3F)c2cc1NC(=O)C=C,266735,4.0,489.3050000000002,3.446600000000001,6,4,8
NCCOc1cc2ncnc(Nc3ccc(Br)cc3F)c2cc1NC(=O)C=C,266740,4.0,446.28000000000014,3.737000000000001,6,3,7
CC(C)(C)CNc1c(cnc2c(Cl)cc(N[C@H](C3=CNNN3)c3cccnc3)cc12)C#N,1058749,4.0,448.9620000000001,4.219880000000001,8,5,6
CNc1ccc2ncnc(Nc3cccc(Br)c3)c2c1,5297,4.0,329.2010000000001,4.177600000000002,4,2,3
CC(C)n1cnc2c(Nc3cn(C)nc3C)nc(nc12)N1C[C@@H](F)[C@@H](C1)NC(=O)C=C,51105673,4.0,427.48800000000017,2.0216199999999995,9,2,6
COc1cc2ncnc(N3CCc4ccccc34)c2cc1NC(=O)\C=C\CN1CCC(CO)CC1,51101293,4.0,473.57700000000034,3.531600000000002,7,2,7
Clc1cccc2C(=O)N(Cc12)C(C(=O)Nc1nccs1)c1ncn2CCCc12,51470327,4.0,413.89000000000016,3.275000000000001,6,1,4
CCc1ccc(cc1)N(C)c1ncnc2occ(C)c12,51130724,4.0,267.332,3.8615200000000014,4,0,3
COc1cc(N(C)CCN(C)C)c(NC(=O)C=C)cc1Nc1ncc2ccc(-c3cnn(C)c3)n2n1,548553,4.0,489.5840000000002,3.0043000000000006,10,2,10
Brc1cccc(Nc2ncnc3cc4nn[nH]c4cc23)c1,5341,4.1,341.172,3.4072000000000005,5,2,2
N#Cc1ccc(Nc2nncc3ccccc23)cc1,50534743,4.1,246.273,3.245080000000001,4,1,2
CCOc1cc2ncnc(C#C[C@@](C)(Cc3ccccc3)N3CCC(CC3)C(O)=O)c2cc1OCC,50400494,4.2,487.6000000000004,4.576700000000003,6,1,8
CCOc1cc2ncnc(Nc3cccc(c3)C#C)c2cc1NC(=O)\C=C\CNC1CC1,50419131,4.2,427.5080000000002,4.0001000000000015,6,3,9
CN(C)CCN(C(=O)C=C)c1cc2c(Nc3cccc(Br)c3)ncnc2cn1,7263,4.2,441.3330000000001,3.611500000000001,6,1,7
COc1cc2ncnc(Nc3cccc(NC(=O)C=C)c3)c2cc1OCCN1CCOCC1,51248821,4.3,449.5110000000004,3.217500000000002,8,2,9
COc1ccc2ncnc(Nc3cccc(Br)c3)c2n1,5384,4.3,331.17300000000006,3.539500000000002,5,1,3
Fc1ccc(Nc2ncnc3cnc(NC(=O)C#CCCN4CCCCC4)cc23)cc1Cl,50836470,4.3,452.9210000000004,4.378800000000004,6,2,5
COc1cc2ncnc(Nc3ccc(NC(=O)C=C)cc3)c2cc1OCCN1CCOCC1,51248865,4.3,449.5110000000004,3.217500000000002,8,2,9
CNc1ncc2ncnc(Nc3cccc(C)c3)c2n1,5456,4.3,266.308,2.5135200000000006,6,2,3
CCOc1cc2ncnc(Nc3cccc(OC)c3)c2c2OCCOc12,50497580,4.4,353.3780000000002,3.5519000000000016,7,1,5
CCOC(=O)c1ccc(Nc2nncc3ccccc23)cc1,50534742,4.4,293.326,3.5501000000000014,5,1,4
CN(CCCl)CCN=NNc1ccc2ncnc(Nc3cccc(Cl)c3)c2c1,50384574,4.4,418.33200000000016,4.976500000000003,6,2,9
CN1CCN(CC1)c1ccc(Nc2cc3c(nc(Nc4ccccc4)nc3cn2)N2CCCC2)nc1,51038453,4.4,481.6080000000003,4.259000000000002,9,2,6
CCCCC#CC(=O)Nc1cc2c(Nc3ccc(F)c(Cl)c3)ncnc2cn1,50836438,4.5,397.8410000000001,4.693000000000003,5,2,5
ONC(=O)c1ccccc1Nc1nc(Nc2ccc(CN3CCOCC3)cc2)ncc1Cl,51422299,4.5,454.9180000000002,3.5684000000000022,8,4,7
Fc1ccc(Nc2ncnc3cnc(NC(=O)C#CCCN4CCOCC4)cc23)cc1Br,50836474,4.5,499.34400000000034,3.334200000000002,7,2,5
CCN(CC)CC(O)CNc1cc2c(Nc3cccc(Br)c3)ncnc2cn1,5470,4.6,445.36500000000007,3.645500000000001,7,3,9
C[C@@H](Nc1ncnc2oc(cc12)-c1cccc(O)c1)c1ccccc1,50520073,4.6,331.37500000000006,4.768500000000004,5,2,4
COc1cc2ncnc(Nc3cccc(C)c3)c2cc1OC,50505084,4.6,295.3420000000001,3.699020000000002,5,1,4
Brc1cccc(Nc2ncnc3cnc(cc23)S(=O)C=C)c1,7278,4.6,375.25100000000015,3.782000000000001,5,1,4
CCOc1cc2ncnc(Nc3cccc(I)c3)c2cc1OCC,50844845,4.6,435.26500000000016,4.775400000000003,5,1,6
C[C@@H](Nc1ncnc2sc3CN(CCc3c12)C(=O)\C=C\CN(C)C)c1ccccc1,218474,4.6,421.5700000000001,3.866900000000003,6,1,6
COc1cc2ncnc(Nc3cccc(c3)C#C)c2cc1OCCCCCC(=O)NO,50552100,4.6,420.46900000000034,3.807900000000002,7,3,10
Oc1ccc2c(Nc3cccc(Br)c3)ncnc2c1,5300,4.7,316.158,3.841500000000001,4,2,2
Cc1cc(CCC(O)=O)[nH]c1\C=C1/C(=O)Nc2ncnc(Nc3ccc(F)c(Cl)c3)c12,8206,4.7,441.8500000000001,4.1591200000000015,5,4,6
COc1ccc(cc1)-c1cc2c(N[C@H](C)c3ccccc3)ncnc2[nH]1,50703601,4.7,344.418,4.806600000000004,4,2,5
Brc1cccc(Nc2ncnc3cc4[nH]cc(CN5CCOCC5)c4cc23)c1,5401,4.8,438.3290000000003,4.4494000000000025,5,2,4
CN1CCN(CC1)c1ccc(Nc2nc(OC3CCN(CC3)C(=O)C=C)c3sccc3n2)cc1,51458096,4.9,478.6220000000003,3.7425000000000015,8,1,6
CN1CCN(CCCNc2cc3ncnc(Nc4cccc(Br)c4)c3cn2)CC1,5425,4.9,456.39200000000017,3.580300000000001,7,2,7
COc1cc2c(Nc3cccc(c3)C#C)ncnc2cc1OCCCN1C[C@H](O)[C@@H](O)[C@H](O)[C@H]1CO,50840172,4.9,494.54800000000034,0.8913999999999993,10,5,9
COc1cc2ncnc(Nc3ccc(F)c(Cl)c3)c2cc1OCCn1c(C)ncc1[N+]([O-])=O,50258424,4.9,472.8640000000003,4.666620000000004,9,1,8
COc1cc(ccc1Nc1ncc2CN(C)C(=O)N(c3cccc(NC(=O)C=C)c3)c2n1)N(C)C,50934348,4.99,473.5370000000002,4.1228000000000025,7,2,7
Nc1cccc(c1)-c1[nH]nc2ncnc(Nc3cccc(Cl)c3)c12,3881,5.0,336.7860000000001,3.999100000000001,5,3,3
COc1cc2ncnc(Nc3ccc(F)c(Cl)c3)c2cc1OCC(O)CN(CCO)CCO,50733036,5.0,480.9240000000004,2.2008000000000005,9,4,12
CNCC(O)COc1cc2c(Nc3ccc(F)c(Cl)c3)ncnc2cc1OC,50733038,5.0,406.8450000000001,3.1336000000000013,7,3,8
COc1ccc2N(CCCc2c1)c1nc(C)nc2ccccc12,51379000,5.0,305.38100000000003,4.031120000000003,4,0,2
CC(=O)NCCNCc1ccc(cc1)-c1cc2ncnc(Nc3ccc4[nH]ccc4c3)c2s1,50251453,5.0,456.57500000000016,4.808900000000003,6,4,8
Brc1cccc(Nc2ncnc3cc4OCCOCOCOCCOc4cc23)c1,50952882,5.0,462.3000000000004,3.871900000000002,8,1,2
Brc1cccc(Nc2ncnc3cc4OCCOCCOCCOc4cc23)c1,50952869,5.0,446.3010000000004,3.9403000000000015,7,1,2
CC1CCN(C\C=C\C(=O)N2CCOc3cc4ncnc(Nc5cccc(c5)C#C)c4cc23)CC1,51091742,5.0,467.5730000000002,4.368200000000003,6,1,5
CCN(CC)C\C=C\C(=O)N1CCOc2cc3ncnc(Nc4cccc(c4)C#C)c3cc12,51091740,5.0,441.53500000000014,3.978100000000002,6,1,7
CC1CCCCN1C\C=C\C(=O)N1CCOc2cc3ncnc(Nc4cccc(c4)C#C)c3cc12,51091741,5.0,467.57300000000015,4.510700000000004,6,1,5
COc1cc2c(N[C@@H]3C[C@H]3c3ccccc3)c(cnc2cc1OCCCN1CCOCC1)C#N,50398955,5.0,458.56200000000047,4.184180000000003,7,1,9
COc1cc2ncnc(Nc3cccc(Br)c3)c2cc1NC(=O)C(\F)=C/CN(C)C,50249171,5.0,474.3340000000002,4.498000000000003,6,2,7
COc1nn(C)cc1Nc1nc(nc2n(C)cnc12)N1C[C@@H](F)[C@@H](C1)NC(=O)C=C,51105734,5.0,415.43300000000016,0.6778999999999995,10,2,6
COc1cc2ncnc(Nc3cc(Cl)c(Cl)cc3F)c2cc1OC,50065990,5.0,368.1950000000001,4.836500000000003,5,1,4
CN1CCN(CCCNc2c(Br)cccc2Nc2ncnc3ccncc23)CC1,50210525,5.0,456.3920000000002,3.580300000000001,7,2,7
CC(=O)NCCOc1cc2ncnc(Nc3cc(Cl)c(Cl)cc3F)c2cc1NC(=O)C=C,266830,5.0,478.3110000000002,4.458700000000003,6,3,8
CN(C)C\C=C\C(=O)Nc1cc2c(Nc3ccc(F)c(Cl)c3)ncnc2cc1O[C@@H]1CCOC1,51101283,5.0,485.9470000000002,4.389900000000002,7,2,8
CN(C)C\C=C\C(=O)Nc1cc2c(ncnc2cc1O[C@@H]1CCOC1)N1CCc2ccccc12,51101294,5.0,459.5500000000003,3.548000000000002,7,1,7
CC(C)n1c(Nc2ccccc2)nc2cnc(Nc3ccc(cc3)N3CCN(C)CC3)nc12,318699,5.0,442.5710000000003,4.646200000000004,8,2,6
CN1NNC(=C1)[C@H](Nc1cc(C#N)c2ncc(C#N)c(NCC(C)(C)C)c2c1)c1ccc(F)nc1,1058731,5.0,471.5440000000002,3.9194600000000026,9,4,6
C[C@@H](Nc1ncnc2sc(cc12)-c1cccc(c1)C(N)=O)c1ccccc1,50453339,5.0,374.4690000000001,4.630300000000003,5,2,5
COc1cc(CO)ccc1-c1cc2c(NCc3ccccc3)ncnc2s1,50458994,5.0,377.4690000000001,4.471300000000002,6,2,6
COc1cc(CO)ccc1-c1cc2c(Nc3cccc(c3)C#C)ncnc2s1,50459011,5.0,387.4640000000001,4.584100000000003,6,2,5
CN1CCN(CCOc2[nH]nc3ncnc(Nc4ccc(OCc5ccccn5)c(Cl)c4)c23)CC1,50860458,5.0,494.98700000000025,3.350100000000001,9,2,9
Fc1cc(Nc2c(cnc3c(Cl)cc(N[C@H](C4=CNNN4)c4cccnc4)cc23)C#N)cnc1F,1058789,5.0,491.8930000000001,4.178680000000001,9,5,6
Fc1cc(Nc2c(cnc3c(Cl)cc(N[C@@H](C4=CNNN4)c4cccnc4)cc23)C#N)cnc1F,1058746,5.0,491.8930000000001,4.178680000000001,9,5,6
CCO\N=C\c1c(N)ncnc1Nc1ccc2n(Cc3cccc(F)c3)ncc2c1,50868682,5.0,405.4370000000002,3.709900000000002,8,2,7
Nc1ccc(Nc2[nH]nc3ncnc(Nc4cccc(Cl)c4)c23)cc1,3822,5.0,351.8010000000001,4.075700000000001,6,4,4
OC(=O)Cn1ccc2cc3c(Nc4cccc(Br)c4)ncnc3cc12,5398,5.1,397.2320000000001,4.175200000000002,5,2,4
Clc1ccc(Nc2ncnc3ccc(NC(=S)NCCN4CCOCC4)cc23)cc1,50501129,5.1,442.97600000000034,3.645400000000001,6,3,6
COc1cc2ncnc(Nc3ccc(O[C@H]4CO[C@@H]5[C@@H](O)CO[C@H]45)c(Cl)c3)c2cc1OC,50993097,5.3,459.88600000000025,2.9499000000000004,9,2,6
Fc1cc(ccc1C(F)(F)F)C(=O)N[C@@H]1[C@H]2Oc3ccc(Oc4ccnc5NC(=O)CCc45)cc3[C@@H]12,480518,5.3,499.4200000000003,4.573300000000003,5,2,4
O=C(Nc1cc2c(Nc3cccc(c3)C#C)ncnc2cc1O[C@H]1CCOC1)\C=C\CN1CCCCC1,50419138,5.3,497.5990000000005,4.503000000000004,7,2,8
CCOc1cc2ncc(C#N)c(Nc3ccc(F)c(Cl)c3)c2cc1NC(=O)\C=C\CNC,50598541,5.35,453.90500000000014,4.755380000000003,6,3,8
CN1CCN(CC1)c1ccc(Nc2cc3c(nc(Nc4ccccc4)nc3cn2)N2CCOCC2)nc1,51038457,5.4,497.6070000000003,3.495400000000002,10,2,6
Brc1cccc(Nc2ncnc3cc(NCCCCN4CCOCC4)ncc23)c1,5423,5.4,457.3760000000004,4.055200000000002,7,2,8
COc1ccc2N(CCCc2c1)c1nc(Cl)nc2ccccc12,51379005,5.4,325.79900000000004,4.376100000000003,4,0,2
COc1cc(ccc1Nc1nccc(n1)-c1cn(C)c2ccccc12)N1CCN(C)CC1,51528523,5.4,428.54000000000025,4.139300000000002,7,1,5
Nc1ncnc2n(nc(-c3cnc4ccccc4c3)c12)[C@@H]1CCN(C1)C(=O)C=C,51526549,5.4,385.43100000000027,2.583100000000001,7,1,3
CN(C)CCCCNc1cc2ncnc(Nc3cccc(C)c3)c2cn1,5437,5.4,350.47000000000014,3.8305200000000017,6,2,8
COc1cc(ccc1Nc1ncc(Cl)c(Oc2cccc(NC(=O)C=C)c2)n1)N1CCOCC1,287851,5.5,481.9400000000003,4.635600000000004,8,2,8
CN(C)CCCCNc1c(C)cccc1Nc1ncnc2ccncc12,50210331,5.5,350.4700000000001,3.8305200000000017,6,2,8
Brc1cccc(Nc2ncnc3ccncc23)c1NCCCCN1CCOCC1,50210244,5.5,457.3760000000004,4.055200000000002,7,2,8
CCOc1cc2ncnc(N[C@@H](C)c3ccccc3)c2cc1NC(=O)[C@@H]1COC(=O)N1,50503859,5.5,421.4570000000002,3.2485,7,3,7
CSc1nc(c([nH]1)-c1ccnc(NC(C)=O)c1)-c1cccc(NC(=O)c2cc(O)ccc2F)c1,51495700,5.5,477.5210000000002,4.916000000000003,6,4,6
CN1CCN(CCCNc2cc3ncnc(Nc4cccc(C)c4)c3cn2)CC1,5439,5.6,391.5230000000002,3.126220000000001,7,2,7
O=C(Nc1cc2c(Nc3cccc(c3)C#C)ncnc2cc1O[C@H]1CCOC1)\C=C\CNC1CC1,50419133,5.6,469.5450000000004,3.7691000000000026,7,3,9
CN1CCN(CCCNc2c(C)cccc2Nc2ncnc3ccncc23)CC1,50210401,5.6,391.5230000000002,3.126220000000001,7,2,7
COc1cc(N(C)CCN(C)C)c(NC(=O)C=C)cc1Nc1nccc(Nc2cn(C)nc2C)n1,51449359,5.7,479.58900000000017,3.1366200000000006,10,3,11
CN1CCN(CC1)c1ccc(Nc2nc(OC3CCN(CC3)C(=O)C=C)c3cc[nH]c3n2)cc1,51458091,5.7,461.5700000000003,3.009100000000001,7,2,6
COc1cc2c(N[C@@H]3C[C@H]3c3ccccc3)c(cnc2cc1OCCCN1CCN(C)CC1)C#N,50399022,5.7,471.6050000000005,4.099380000000003,7,1,9
Fc1ccc(Nc2ncnc3cc(O[C@H]4CCOC4)c(NC(=O)C=C)cc23)cc1Cl,50419182,5.8,428.8510000000001,4.458100000000004,6,2,6
ClCCCC(=O)Nc1ccc2ncnc(Nc3ccc4[nH]ccc4c3)c2c1,51499317,5.8,379.8510000000001,4.8122000000000025,4,3,6
NC(=O)c1c(nn2c1[nH]c1ccc(N)cc21)-c1ccc(Oc2ccccc2)cc1,51304519,5.9,383.4110000000001,3.956000000000002,5,3,4
Fc1ccc(Nc2nncc3ccccc23)cc1,50534761,6.0,239.25300000000004,3.512500000000001,3,1,2
Clc1cccc(Nc2ncnc3[nH]c4ccccc4c23)c1,50083904,6.0,294.74500000000006,4.5081000000000016,3,2,2
CN(C)C\C=C\C(=O)Nc1cc2c(Nc3cccc(c3)C#C)ncnc2cc1OC1CCOCC1,50419163,6.0,471.5610000000003,3.9688000000000025,7,2,8
COc1cc2ncnc(Nc3cccc(Br)c3)c2cc1OC,3902,6.0,360.2110000000001,4.153100000000003,5,1,4
CCC(=O)Nc1cc2c(Nc3ccc4[nH]ccc4c3)ncnc2cc1OC,50518562,6.0,361.4050000000001,4.211800000000002,5,3,5
COc1cc2ncnc(Nc3ccc(F)c(Cl)c3)c2cc1OCC(O)CN,50733044,6.0,392.8180000000002,2.8729000000000005,7,3,7
COc1cc(C=O)ccc1-c1cc2c(NCc3ccccc3)ncnc2s1,50459014,6.0,375.453,4.791500000000003,6,1,6
CN(C)CC#CC(=O)Nc1ccc2ncnc(Nc3cccc(Br)c3)c2c1,6755,6.0,424.3020000000001,3.639400000000001,5,2,4
Oc1ccc(cc1)-c1[nH]nc2ncnc(Nc3cccc(Cl)c3)c12,3879,6.0,337.77000000000004,4.122500000000001,5,3,3
COc1cc2ncnc(Nc3ccc(F)c(Cl)c3)c2cc1CN1CCC[C@@H]1C(N)=O,50135326,6.0,429.8830000000003,3.624200000000002,6,2,6
NC1CCN(Cc2ccn3ncnc(Nc4cccc(Br)c4)c23)CC1,50614373,6.0,401.3120000000001,3.1585,6,2,4
COc1cc2ncnc(Nc3ccc(F)c(Cl)c3)c2cc1CN1CC[C@H](C1)C(N)=O,50505066,6.0,429.8830000000003,3.481700000000002,6,2,6
CCOc1cc2ncnc(Nc3cccc(c3)C#C)c2cc1NC(=O)\C=C\CN1CCCCC1,50419136,6.1,455.5620000000004,4.734000000000004,6,2,8
COc1cc(N(C)CCN(C)C)c(NC(=O)C=C)cc1Nc1nccc(Nc2ccn(C)n2)n1,51449360,6.2,465.5620000000001,2.8282,10,3,11
Fc1cc(Br)c(F)c(Nc2ncnc3cc4OCCOc4cc23)c1,51389538,6.2,394.1750000000002,4.185300000000002,5,1,2
OC(=O)c1ccc(Nc2nncc3ccccc23)cc1,50534714,6.2,265.272,3.071600000000001,4,2,3
Oc1cc2oc(c(O)cc2c(=[OH+])c1)-c1cc(O)c(O)c(O)c1,50534755,6.3,303.246,1.584,6,5,1
OCC#CC(=O)Nc1ccc2nccc(Oc3ccc(cc3)C(=O)Nc3ccccn3)c2c1,51385780,6.3,438.44300000000015,3.608600000000002,6,3,5
COc1ccccc1C(=O)NC(=O)NC1CC2CCCC(C1)N2C,51509309,6.3,331.4160000000001,2.1499,4,2,3
CC(C)NC\C=C\C(=O)Nc1cc2c(Nc3cccc(c3)C#C)ncnc2cc1O[C@H]1CCOC1,50419130,6.4,471.5610000000003,4.015100000000003,7,3,9
CN1CCN(CC1)c1cc2c(Nc3cccc(Br)c3)ncnc2cn1,5482,6.4,399.2960000000001,3.282700000000001,6,1,3
Clc1cccc(Nc2ncnc3cc4OCCOc4cc23)c1,51389532,6.4,313.744,3.798000000000001,5,1,2
CNc1ccc(cc1)N(C)c1ncnc2occ(C)c12,51130734,6.4,268.32,3.3408200000000017,5,1,3
COc1cc2ncnc(Nc3cncc4ccccc34)c2cc1OC,50484951,6.4,332.36300000000017,3.938800000000003,6,1,4
COc1cccc2C(=O)C3=C([C@@H](O)[C@H](O)c4cc(CO)cc(O)c34)C(=O)c12,51479383,6.5,368.3410000000001,1.1337999999999997,7,4,2
C=CC(=O)N1CCC2(CC1)CNC(=O)c1cc([nH]c21)-c1ccnc(n1)-c1ccc2OCOc2c1,51435424,6.5,457.4900000000002,2.657000000000001,6,2,3
CCOc1cc2ncnc(Nc3cccc(F)c3)c2cc1OCC,50844834,6.5,327.3590000000001,4.309900000000003,5,1,6
Fc1ccc(Nc2ncnc3cc(O[C@H]4CCOC4)c(NC(=O)\C=C\CNC4CC4)cc23)cc1Cl,50419143,6.5,497.9580000000002,4.580300000000003,7,3,9
Nc1cc2c(Nc3cccc(Br)c3)ncnc2cc1Cl,5309,6.5,349.619,4.371500000000001,4,2,2
C=CC(=O)N1CCC(CC1)Oc1nc(Nc2ccc(cc2)N2CCOCC2)nc2ccsc12,51458101,6.5,465.5790000000003,3.827300000000003,8,1,6
C[C@@H](Nc1ncnc2[nH]c(cc12)-c1ccc(F)cc1)c1ccccc1,50703603,6.6,332.38200000000006,4.937100000000004,3,2,4
CN1CCN(CC1)c1ccc(Nc2ncc(Cl)c(Nc3ccccc3C(=O)NO)n2)cc1,51422298,6.6,453.93400000000014,3.4880000000000004,8,4,6
CN1CCN(CCCOc2cc3ncnc(Nc4ccc(F)c(Cl)c4)c3nc2NC(=O)C=C)CC1,50154897,6.6,499.9780000000003,3.7017000000000015,8,2,9
CCOc1cc2ncnc(NCc3ccc(F)cc3)c2cc1OCC,50844848,6.6,341.38600000000014,4.178400000000003,5,1,7
CCOc1cc2ncnc(Nc3ccc(C)c(Cl)c3)c2c2OCCOc12,50497579,6.7,371.8240000000002,4.505120000000003,6,1,4
Cc1cc(C)nc(NS(=O)(=O)c2ccc(Nc3nncc4ccccc34)cc2)n1,50534705,6.7,406.4710000000001,3.5810400000000016,7,2,5
CCN(CC)CC#CC(=O)Nc1ccc2ncnc(Nc3ccc(F)c(Cl)c3)c2c1,50836391,6.8,425.89500000000015,4.449600000000003,5,2,6
CN1Cc2cnc(Nc3ccccc3)nc2N(C1=O)c1cccc(NC(=O)C=C)c1,50934353,6.95,400.4420000000002,4.048200000000002,5,2,5
NS(=O)(=O)c1ccc(Nc2nc3ncnc(Nc4cccc(Cl)c4)c3s2)cc1,50454061,7.0,432.91800000000006,3.8743000000000016,8,3,5
CNc1ccc2ncncc2c1,50080491,7.0,159.192,1.6714999999999998,3,1,1
CC(C)c1cnc(N2CC[C@H]2C)c2cnc(Nc3ccnc(n3)N3CC[C@@H](O)[C@@](C)(F)C3)cc12,51485699,7.0,465.5770000000002,4.184600000000003,8,2,5
C[C@@H](Nc1ncnc2sc(cc12)-c1ccc(cc1)C(N)=O)c1ccccc1,50457459,7.0,374.4690000000001,4.630300000000003,5,2,5
Cc1ccc(Oc2ccc(Nc3ncnc4n[nH]c(OCCN5CCC(O)CC5)c34)cc2Cl)cn1,50860440,7.0,495.9710000000004,4.081120000000001,9,3,8
CO[C@H]1CN(C[C@@H]1COc1nc(Nc2cnn(C)c2)nc2[nH]cc(Cl)c12)C(=O)C=C,51105680,7.0,431.8840000000001,2.126599999999999,8,2,7
CC(C)NC\C=C\C(=O)Nc1cc2c(Nc3ccc(F)c(Cl)c3)ncnc2cc1O[C@H]1CCOC1,50419139,7.0,499.9740000000003,4.826300000000003,7,3,9
Fc1ccc(Nc2ncnc3sc(NC(=O)\C=C\CN4CC5(COC5)C4)cc23)cc1Cl,50085750,7.0,459.9340000000003,4.054300000000002,7,2,6
Fc1ccc(Nc2ncnc3cc(OCC#C)c(NC(=O)C=C)cc23)cc1Cl,51269732,7.0,396.8090000000001,4.302400000000002,5,2,6
CN1CCN(CC1)c1ccc(Nc2ncc3nc(Nc4ccccc4)n(C4CC4)c3n2)cc1,318710,7.0,440.5550000000002,4.4002000000000026,8,2,6
COc1ccc(CNc2[nH]nc3ncnc(Nc4cccc(Cl)c4)c23)cc1,3859,7.0,380.8390000000001,4.370600000000002,6,3,6
Clc1cccc(Nc2ncnc3n[nH]c(NCc4ccccc4)c23)c1,3840,7.0,350.81300000000005,4.362000000000001,5,3,5
Fc1cc(cc2C(=O)N(Cc12)C(C(=O)Nc1nccs1)c1ncn2CCCc12)C#Cc1cccnc1,51470330,7.0,498.5430000000003,3.555500000000002,7,1,4
CNc1ccc2c(Nc3cccc(Br)c3)ncnc2c1,5302,7.0,329.201,4.177600000000002,4,2,3
OC(=O)CCCC(=O)Nc1cc(Nc2cccc(Cl)c2)ncn1,51139740,7.0,334.76300000000003,3.067,5,3,7
Fc1ccc(Nc2ncnc3cc4OCCN(C(=O)\C=C\CN5CCOCC5)c4cc23)cc1Cl,51321516,7.0,483.93100000000027,3.7797000000000023,7,1,5
CCOc1cc2ncnc(Nc3ccc(F)c(Cl)c3)c2cc1OC(=O)CCl,51276653,7.0,410.2320000000002,4.708800000000003,6,1,6
COc1cc2ncnc(Nc3ccc(F)c(Cl)c3)c2cc1OCCN(C)C,50733026,7.0,390.8460000000002,4.114900000000003,6,1,7
Brc1cccc(Nc2ncnc3cc4OCCSCCOc4cc23)c1,50952870,7.0,418.31600000000026,4.6403000000000025,6,1,2
NNc1cc2ncnc(Nc3cccc(Br)c3)c2cn1,5428,7.1,331.177,2.8165000000000004,6,3,3
COc1cc2ncnc(Nc3ccc(F)c(Cl)c3)c2cc1OCCC(=O)NO,50552090,7.1,406.8010000000002,3.448800000000001,7,3,7
CCCN(c1ccc(OC)cc1)c1ncnc2occ(C)c12,51130735,7.1,297.35800000000006,4.087920000000003,5,0,5
CSc1ccc(cc1)N(C)c1ncnc2occ(C)c12,51130723,7.2,285.372,4.021020000000003,5,0,3
Cc1cccc(Nc2ncnc3cc(NCCc4cnc[nH]4)ncc23)c1,5441,7.2,345.41,3.4545200000000014,6,3,6
NNc1c(Br)cccc1Nc1ncnc2ccncc12,50210547,7.2,331.1770000000001,2.8165000000000004,6,3,3
COc1ccc(Nc2ncc3nc(C)c(=O)n(-c4cccc(NC(=O)C=C)c4)c3n2)cc1,479073,7.24,428.45200000000017,3.3608200000000013,8,2,6
CN(C)CCCCNc1c(Br)cccc1Nc1ncnc2ccncc12,50210416,7.4,415.3390000000001,4.284600000000003,6,2,8
COc1cc2ncnc(Nc3ccc(Cl)c(Cl)c3F)c2cc1OC1CN(C1)C(=O)C=C,1177965,7.4,463.2960000000003,4.603500000000004,6,1,6
CN(C)CCCCNc1cc2ncnc(Nc3cccc(Br)c3)c2cn1,5418,7.4,415.3390000000001,4.284600000000003,6,2,8
CN(C)CCN(C)Cc1c[nH]c2cc3ncnc(Nc4cccc(Br)c4)c3cc12,5402,7.5,453.38800000000015,4.6106000000000025,5,2,7
Cn1ccc(Nc2nc(Oc3cccc(NC(=O)C=C)c3)c3cc[nH]c3n2)n1,50487818,7.6,375.3920000000001,3.351800000000001,7,3,6
Nc1ccc2ncnc(Nc3cccc(Br)c3)c2n1,5379,7.6,316.16200000000003,3.113100000000001,5,2,2
Fc1ccc(Br)cc1Nc1ncnc2cc3OCCOc3cc12,51389541,7.6,376.1850000000002,4.0462000000000025,5,1,2
OCCc1nc(c([nH]1)-c1ccnc2[nH]c(cc12)-c1ccccc1)-c1ccc(F)cc1,51487200,7.6,398.4410000000001,4.960900000000002,3,3,5
CCc1ccc2nc(N3CCC(CC3)NCC3(C)COC3)c(cc2c1)C1=NC(C)=NC1,1374842,7.6,419.5730000000002,3.613200000000002,6,1,6
COc1cccc(Nc2cc(Nc3cc(OC)ccc3OC)ncn2)c1,51139734,7.7,352.39400000000006,3.989600000000002,7,2,7
COc1cc(ccc1Nc1nc(OC2CCN(CC2)C(=O)C=C)c2cc[nH]c2n1)N(C)CCN(C)C,51458088,7.7,493.6120000000003,3.263700000000002,8,2,10
COc1cc2ncnc(Nc3ccc(F)c(Cl)c3)c2cc1OCCCC(=O)NO,50552092,7.8,420.82800000000026,3.8389000000000015,7,3,8
OCCn1ccc2ncnc(Nc3ccc(Oc4ccc5CNC(=O)c5c4)c(Cl)c3)c12,50942968,7.8,435.87100000000015,3.856300000000002,7,3,6
CCOc1cc2ncnc(Nc3ccc(F)c(Cl)c3)c2cc1NC(=O)\C=C\CN1CC[C@H]1COC,502250,7.8,499.97400000000033,4.780000000000004,7,2,10
COc1cc(\C=C\S(=O)(=O)c2ccccc2)cc(OC)c1OC,51475830,7.9,334.39300000000014,3.157000000000002,5,0,6
NC(=O)c1c(N)n(nc1-c1ccc(Oc2ccc(Cl)cc2)cc1)C1CCCN(C1)C(=O)C=C,972414,7.9,465.9410000000003,4.026400000000003,6,2,6
COc1cc2ncnc(Nc3cccc(c3)C#C)c2cc1NC(=O)\C=C\CNC1CC1,50419132,7.9,413.4810000000002,3.610000000000001,6,3,8
NC(=O)c1c(N)n(nc1-c1ccc(Oc2ccc(Cl)cc2)cc1)[C@@H]1CCCN(C1)C(=O)C=C,755665,7.9,465.9410000000003,4.026400000000003,6,2,6
C=CC(=O)Nc1cccc(c1)-n1c2nc(Nc3ccc(cc3)N3CCOCC3)ncc2ncc1=O,479049,7.94,469.50500000000034,2.8804000000000007,9,2,6
COc1cc2ncnc(Nc3ccc(F)c(Cl)c3)c2cc1CNC(=O)[C@H]1CCCCN1C,50505067,8.0,457.9370000000004,4.275000000000003,6,2,6
COc1cc2ncnc(Nc3ccc(F)c(Cl)c3)c2cc1CN(C)[C@@H](C)C(N)=O,50505069,8.0,417.8720000000002,3.480100000000002,6,2,7
COc1cc2ncnc(Nc3cccc(Cl)c3F)c2cc1CN1CCCC[C@@H]1C(N)=O,50135279,8.0,443.9100000000004,4.014300000000003,6,2,6
Fc1ccc(Nc2ncnc3sc(NC(=O)\C=C\CNCc4ncccn4)cc23)cc1Cl,50085732,8.0,469.9330000000002,4.3019000000000025,8,3,8
Oc1cc(O)c2c(O)c(cnc2c1)-c1cccc(Cl)c1,50129714,8.0,287.702,3.6720000000000015,4,3,1
C[C@@H]1OCC2(CCN(CC2)c2nc(C)c(nc2CO)-c2cccc(Cl)c2Cl)[C@@H]1N,1058585,8.0,437.3710000000001,3.5837200000000022,6,2,3
CCn1cnc2c(Nc3cn(C)nc3OC)nc(nc12)N1C[C@@H](F)[C@@H](C1)NC(=O)C=C,51105711,8.0,429.4600000000002,1.1607999999999996,10,2,7
COc1cc2ncnc(Nc3cccc(Cl)c3F)c2cc1CN(C)[C@@H](C)C(N)=O,50135304,8.0,417.8720000000002,3.480100000000002,6,2,7
COc1ccccc1-c1cc2c(NC(CO)c3ccccc3)ncnc2s1,50324727,8.0,377.4690000000001,4.512400000000002,6,2,6
COc1cc(OCCN(C)C)c(NC(=O)C=C)cc1Nc1nccc(n1)-c1cnc2n(C)ccc2c1,827598,8.0,487.5640000000002,3.847400000000002,9,2,10
COc1cccc(CNc2[nH]nc3ncnc(Nc4cccc(Cl)c4)c23)c1,3842,8.0,380.8390000000001,4.370600000000002,6,3,6
Clc1cc(Nc2ncnc3n[nH]c(OCCN4CCCC4)c23)ccc1OCc1ccccn1,50860456,8.0,465.94500000000033,4.198500000000003,8,2,9
CC#CC(=O)Nc1ccc2ncnc(Nc3cccc(Br)c3)c2c1,6753,8.0,381.23300000000006,4.0977000000000015,4,2,3
Clc1cc(Nc2ncnc3n[nH]c(OCCN4CCNCC4)c23)ccc1OCc1ccccn1,50860437,8.0,480.9600000000003,3.0079,9,3,9
CO\N=C\c1c(N)ncnc1Nc1ccc2n(Cc3cccc(F)c3)ncc2c1,50425113,8.0,391.4100000000001,3.3198000000000025,8,2,6
COc1cc(N(C)CCN(C)C)c(NC(=O)C=C)cc1Nc1ncc2ccc(-c3ccn(C)c3)n2n1,548586,8.0,488.5960000000002,3.609300000000002,9,2,10
CN(C)\N=C\c1c(N)ncnc1Nc1ccc2n(Cc3cccc(F)c3)ncc2c1,50425137,8.0,404.45300000000015,3.235000000000001,8,2,6
CCn1cc(Nc2ccnc(Nc3cc(NC(=O)C=C)c(cc3OC)N(C)CCN(C)C)n2)cn1,51449357,8.0,479.58900000000034,3.3111000000000024,10,3,12
C[C@@H](Nc1ncnc2[nH]c(cc12)-c1ccc(O)cc1)c1ccccc1F,50703591,8.0,348.3810000000001,4.642700000000002,4,3,4
CNCCOc1cc2c(Nc3ccc(F)c(Cl)c3)ncnc2cc1OC,50733047,8.0,376.8190000000001,3.772700000000002,6,2,7
COCCNCCOc1cc2c(Nc3ccc(F)c(Cl)c3)ncnc2cc1OC,50733033,8.0,420.8720000000001,3.7893000000000017,7,2,10
COc1cc2ncnc(Nc3ccc(F)c(Cl)c3)c2cc1OCC(O)Cn1ccnc1,50733023,8.0,443.8660000000002,3.810900000000002,8,2,8
OC[C@@H](Nc1ncnc2sc3CN(CCc3c12)C(=O)C=C)c1ccccc1,50607405,8.0,380.47300000000007,2.907500000000001,6,2,5
COc1cc(cc(OC)c1OC)C(=O)c1csc(n1)-c1ccc2[nH]ccc2c1,51519948,8.0,394.45200000000006,4.548200000000003,6,1,6
COc1cccc(Nc2[nH]nc3ncnc(Nc4cccc(Cl)c4)c23)c1,3819,8.0,366.81200000000007,4.502100000000002,6,3,5
Oc1ccc(Nc2[nH]nc3ncnc(Nc4cccc(Cl)c4)c23)cc1,3810,8.0,352.78500000000014,4.199100000000001,6,4,4
CNc1ncc(C(C)C)c2cc(Nc3ccnc(n3)N3CC[C@@H](O)[C@@](C)(F)C3)ncc12,51485644,8.1,425.5120000000002,3.6277000000000017,8,3,5
CN(C)C\C=C\C(=O)Nc1cc2c(Nc3cccc(c3)C#C)ncnc2cc1OC1CCN(C)CC1,50419162,8.1,484.6040000000003,3.884000000000003,7,2,8
CN(C)CCN(C)c1cc2c(Nc3cccc(Br)c3)ncnc2cn1,5472,8.1,401.31200000000007,3.528700000000001,6,1,6
CNC\C=C\C(=O)Nc1cc2c(Nc3ccc(F)c(Cl)c3)c(cnc2cc1OCCF)C#N,50598540,8.12,471.89500000000027,4.704980000000003,6,3,9
COc1cc2c(Nc3cccc(c3)C#C)ncnc2cc1OCCCCCCC(=O)NO,50552140,8.2,434.4960000000004,4.198000000000002,7,3,11
Clc1cc(ccn1)N1CCN(CCC2CC(=O)C3(C2)CCCCC3)CC1,1374862,8.2,375.9440000000003,4.176700000000003,4,0,4
ONC(=O)C1CCCN1C(=O)CCC(=O)C(Cc1ccccc1)NC(=O)c1ccccc1,50983299,8.3,437.496,1.8734,5,3,9
COc1cc2ncnc(Nc3ccc(F)c(Cl)c3)c2cc1OCCCN1CCNCCNCC1,51239841,8.3,488.99500000000046,3.438200000000001,8,3,8
Cc1cccc(Nc2ncnc3cnc(NC(=O)C=C)cc23)c1,50056638,8.3,305.3410000000001,3.201320000000001,5,2,4
Nc1ncnc2n(nc(-c3ccc(OCc4ccccn4)c(Cl)c3)c12)[C@@H]1CCCN(C1)C(=O)C=C,50883840,8.3,489.9670000000004,4.052400000000002,8,1,6
CN(C)CCCCCNc1cc2ncnc(Nc3cccc(Br)c3)c2cn1,5419,8.4,429.3660000000001,4.674700000000003,6,2,9
Brc1cccc(Nc2ncnc3ccc(NC(=O)c4ccco4)cc23)c1,50734065,8.4,409.24300000000017,4.981200000000002,5,2,4
CN(C)CCCCCNc1c(Br)cccc1Nc1ncnc2ccncc12,50210541,8.5,429.3660000000001,4.674700000000003,6,2,9
FC(F)(F)c1ccnc(c1)C(=O)N[C@@H]1[C@H]2Oc3ccc(Oc4ccnc5NC(=O)CCc45)cc3[C@@H]12,480531,8.5,482.4180000000003,3.829200000000002,6,2,4
COc1cc(N(C)CCN(C)CC#C)c(NC(=O)C=C)cc1Nc1nccc(Nc2ccn(C)n2)n1,51449377,8.6,489.5840000000002,2.8316,10,3,12
CN(N)C\C=C\C(=O)Nc1cc2c(Nc3cccc(Br)c3)ccnc2cn1,50505065,8.6,427.306,3.436100000000001,6,3,6
CC(C)Oc1ncnc2[nH]c(c(-c3cccc(NC(=O)C=C)c3)c12)-c1ccc(cc1)N1CCN(C)CC1,51487217,8.6,496.6150000000004,4.9554000000000045,6,2,7
CCOC(=O)CCCn1c2cc3c(Nc4cccc(O)c4)ncnc3cc2oc1=O,50404051,8.7,408.41400000000016,3.3302000000000014,9,2,7
CSc1ccc(cc1)N(C)c1nc(C)nc2ccccc12,51379001,8.7,295.411,4.428020000000003,4,0,3
CN(C)CCCNc1cc2ncnc(Nc3cccc(Br)c3)c2cn1,5417,8.8,401.31200000000007,3.8945000000000016,6,2,7
Brc1cccc(Nc2ncnc3cc4n(CCCN5CCOCC5)ccc4cc23)c1,5397,8.8,466.3830000000004,4.812900000000004,6,1,6
COCCOc1cc2ncnc(Nc3ccc(F)c(Cl)c3)c2cc1NC(=O)\C=C\CN(C)C1CC1,50419155,8.9,499.97400000000033,4.780000000000004,7,2,11
CN(C)CCCNc1c(Br)cccc1Nc1ncnc2ccncc12,50210243,8.9,401.3120000000001,3.8945000000000016,6,2,7
COc1cc2ncnc(Nc3cc(Cl)ccc3F)c2cc1OCC1CCN(C)CC1,50351569,9.0,430.91100000000034,4.895100000000004,6,1,6
COc1cc2ncnc(Nc3cc(Cl)ccc3F)c2cc1OC1CCN(CC(N)=O)CC1,50351577,9.0,459.9090000000004,3.503000000000002,7,2,7
COc1cc2ncnc(C#CC(C)(O)Cc3ccccc3)c2cc1OC,50400498,9.0,348.4020000000001,2.9922000000000013,5,1,4
COc1cc2ncnc(Nc3cccc(Cl)c3F)c2cc1CN(C)C1(CN(C1)C(C)C)C(N)=O,50340588,9.0,486.9790000000004,3.554400000000002,7,2,8
NC(=O)Nc1ccc(cc1)C(=O)Nc1ccc2ncnc(Nc3ccc(F)c(Cl)c3)c2c1,50307924,9.0,450.86100000000016,4.908800000000002,5,4,5
CN(C)CCOc1cc2ncnc(Nc3ccc(Br)cc3F)c2cc1NC(=O)C=C,266730,9.0,474.3340000000001,4.339900000000003,6,2,8
CCC(=O)Nc1cc2c(Nc3ccc(F)c(Cl)c3)ncnc2cc1OCCCN1CCOCC1,50518354,9.0,487.9630000000004,4.615500000000004,7,2,9
COc1cc2ncnc(Nc3ccc(F)c(Cl)c3)c2cc1CN(C)[C@H](C)C(N)=O,50505068,9.0,417.8720000000002,3.480100000000002,6,2,7
Brc1ccc(cc1)C1CC(=NN1C1=NC(=O)CS1)c1ccncc1,51142737,9.0,401.2890000000001,3.624600000000002,5,0,2
COc1cc2ncnc(Nc3cccc(Cl)c3F)c2cc1CN(C)[C@H](C)C(N)=O,50135303,9.0,417.8720000000002,3.480100000000002,6,2,7
Cn1nccc1[C@H](Nc1cc(Cl)c2ncc(C#N)c(Nc3cnc(F)c(F)c3)c2c1)C1=CNNN1,1058747,9.0,494.8970000000001,3.5171800000000006,10,5,6
COc1cc2ncnc(Nc3cccc(Cl)c3F)c2cc1CN(C)C1(CCN(C)CC1)C(N)=O,50340608,9.0,486.9790000000005,3.556000000000002,7,2,7
CN1CCN(C\C=C\C(=O)Nc2cc3c(Nc4ccc(F)c(Cl)c4)ncnc3cn2)CC1,50518507,9.0,455.9250000000002,3.303000000000001,7,2,6
COCC#CC(=O)Nc1ccc2ncnc(Nc3cccc(Br)c3)c2c1,6766,9.0,411.25900000000007,3.7242000000000015,5,2,4
COc1cc(N(C)CCN(C)C)c(NC(=O)C=C)cc1Nc1ncc2ccc(C3=CCCCC3)n2n1,548565,9.0,489.6240000000003,4.561200000000003,8,2,10
CCN(CC)C\C=C\C(=O)N1CCc2c(C1)sc1ncnc(N[C@H](CO)c3ccccc3)c21,50607413,9.0,465.6230000000001,3.619500000000002,7,2,9
OC[C@@H](Nc1ncnc2sc(cc12)-c1ccccc1)c1ccccc1,50459005,9.0,347.44300000000004,4.503800000000003,5,2,5
Nc1ncnc(Nc2ccc3n(Cc4cccc(F)c4)ncc3c2)c1\C=N\N1CCN(CCO)CC1,50425133,9.0,489.5590000000004,2.2833,10,3,8
C[C@@H](Nc1ncnc2[nH]c(cc12)-c1ccc(O)cc1)c1cccc(F)c1,50703593,9.0,348.3810000000001,4.642700000000002,4,3,4
CN1CCN(C\C=C\C(=O)N2CCOc3cc4ncnc(Nc5ccc(F)c(Cl)c5)c4cc23)CC1,51321502,9.0,496.97400000000016,3.6949000000000014,7,1,5
CNc1cc2c(Nc3ccccc3)ncnc2cn1,5369,9.0,251.29300000000003,2.8101000000000003,5,2,3
NC1CCN(Cc2ccn3ncnc(Nc4cccc(Cl)c4)c23)CC1,50614377,9.0,356.86100000000016,3.0494000000000003,6,2,4
NS(=O)(=O)c1ccc(Nc2nc3ncnc(Nc4ccc(F)c(Cl)c4)c3s2)cc1,50454062,9.0,450.9080000000001,4.013400000000002,8,3,5
Clc1ccc(Nc2ncnc3ccc(NC(=S)NCCN4CCOCC4)cc23)cc1Cl,50501128,9.1,477.4210000000004,4.298800000000002,6,3,6
CNC(=S)Nc1ccc2ncnc(Nc3cccc(Br)c3)c2c1,50736771,9.1,388.294,4.052100000000002,4,3,3
OCCN(CCO)CCNc1cc2ncnc(Nc3cccc(Br)c3)c2cn1,5426,9.2,447.3370000000001,2.229399999999999,8,4,10
CCOc1cc2ncnc(Nc3cccc(c3)C#C)c2c2OCCOc12,50497581,9.2,347.3740000000002,3.5246000000000013,6,1,4
OCCN(CCO)CCNc1c(Br)cccc1Nc1ncnc2ccncc12,50210238,9.3,447.3370000000001,2.2294,8,4,10
Cc1cccc(Nc2ncnc3ccncc23)c1NCCCN1CCOCC1,50210403,9.3,378.4800000000004,3.2110200000000004,7,2,7
Cc1cccc(Nc2ncnc3cc(NCCCN4CCOCC4)ncc23)c1,5438,9.3,378.48000000000025,3.2110200000000013,7,2,7
CCOc1cc2ncnc(Nc3ccccc3F)c2cc1OCC,50844836,9.31,327.3590000000001,4.309900000000003,5,1,6
COc1cc2ncnc(Nc3ccc(F)c(Cl)c3)c2cc1OCCCCC(=O)NO,50552094,9.4,434.8550000000003,4.229000000000002,7,3,9
Nc1ccc2sc3c(Nc4ccccc4)ncnc3c2c1,5532,9.4,292.3670000000001,4.170300000000001,5,2,2
COc1ccnc(c1)N1CCN(CCC2CC3(CCCC3)C(=O)O2)CC1,1374972,9.5,359.4700000000002,2.4782,6,0,5
COc1cccc(c1)-c1nccc(n1)-c1cc2c([nH]1)C1(CCN(CC1)C(=O)C=C)CNC2=O,51435426,9.6,443.5070000000004,2.9369000000000005,5,2,4
CN(C)c1ccc2ncnc(Nc3cccc(Br)c3)c2n1,5383,9.6,344.216,3.596900000000001,5,1,3
CCCC#CC(=O)Nc1cc2c(Nc3ccc(F)c(Cl)c3)ncnc2cn1,50836400,9.6,383.8140000000001,4.302900000000003,5,2,4
CN1CCN(CC1)c1ccc(Nc2ncc(Cl)c(OC3CCN(CC3)C(=O)C=C)n2)cc1F,51458102,9.6,474.9680000000004,3.3203000000000014,7,1,6
CCOc1cc2ncnc(Nc3cccc(c3)[N+]([O-])=O)c2c2OCCOc12,50497578,9.7,368.3490000000003,3.451500000000002,8,1,5
COc1cc(ccc1Nc1nc(OC2CCN(CC2)C(=O)C=C)c2sccc2n1)N1CCOCC1,51458100,9.7,495.6050000000004,3.8359000000000014,9,1,7
Brc1ccc2CCN(c2c1)c1ncnc2ccc(NC(=O)C=C)cc12,50056647,9.9,395.2600000000001,4.211000000000002,4,1,3
CN(C)C\C=C\C(=O)Nc1ccc2ncnc(Nc3cc(Cl)c(Cl)cc3F)c2c1,50065978,10.0,434.3020000000002,4.875600000000003,5,2,6
COc1cc2ncnc(Nc3cccc(Cl)c3F)c2cc1CN(C)C1(CN(C)C1)C(N)=O,50135348,10.0,458.9250000000004,2.7758000000000003,7,2,7
ClCC(=O)Nc1ccc2ncnc(Nc3cccc(I)c3)c2c1,50065986,10.0,438.65600000000006,4.155300000000002,4,2,4
ClCC(=O)Nc1ccc2ncnc(Nc3cccc(Br)c3)c2c1,50065983,10.0,391.65600000000006,4.313200000000002,4,2,4
COc1cc2ncnc(NC3CC3c3ccccc3)c2cc1OC,50484967,10.0,321.3800000000001,3.615000000000002,5,1,5
COc1cc2ncnc(NCc3ccccc3)c2cc1OC,4875,10.0,295.3420000000001,3.259100000000002,5,1,5
O=C(Nc1cc2c(Nc3ccc(Cc4ccccn4)cc3)ncnc2cn1)\C=C\CN1CCCC1,50518388,10.0,465.56100000000026,4.344700000000003,7,2,8
ClCCNc1ccc2ncnc(Nc3cccc(Br)c3)c2c1,50295400,10.0,377.67300000000006,4.786600000000003,4,2,5
COc1cc(OC2CCNCC2)c2c(Nc3ccc(F)c(Cl)c3)ncnc2c1,50332674,10.0,402.857,4.305300000000003,6,2,5
COCC[C@H](N(C)Cc1cc2c(Nc3cccc(Cl)c3F)ncnc2cc1OC)C(N)=O,50340365,10.0,461.9250000000002,3.4967000000000006,7,2,10
Nc1c(Br)cccc1Nc1ncnc2ccncc12,50210615,10.0,316.1620000000001,3.1131,5,2,2
COc1cc2ncnc(Nc3ccc(F)c(Cl)c3)c2cc1OCCN1CCOCC1,50014261,10.0,432.8830000000004,3.885500000000003,7,1,7
CN(C)C\C=C\C(=O)Nc1ccc2ncnc(Nc3cccc(Br)c3)c2c1,50065976,10.0,426.3180000000001,4.192200000000002,5,2,6
Nc1ncnc2n(nc(-c3cnc4[nH]ccc4c3)c12)[C@@H]1CCCN(C1)C(=O)C=C,50819963,10.0,388.4350000000003,2.3013000000000003,7,2,3
COc1ccc(cc1)N(C(C)C)c1ncnc2occ(C)c12,51130725,10.0,297.35800000000006,4.086320000000003,5,0,4
Nc1ncnc2n(nc(-c3cccc(F)c3)c12)[C@@H]1CCCN(C1)C(=O)C=C,51146604,10.0,366.4000000000002,2.5641000000000007,6,1,3
C[C@@H](Nc1c(cnc2c(Cl)cc(N[C@H](C3=CNNN3)c3cccnc3)cc12)C#N)c1ccccc1,1058837,10.0,482.97900000000016,4.934980000000002,8,5,7
Nc1ncnc2n(nc(-c3ccccc3)c12)[C@@H]1CCCN(C1)C(=O)C=C,51146548,10.0,348.4100000000002,2.4250000000000007,6,1,3
COc1ccc2cncnc2c1,50080480,10.0,160.176,1.6384,3,0,1
COc1cc2ncnc(Nc3cccc(Cl)c3F)c2cc1CN1CCC[C@@H]1C(N)=O,50135172,10.0,429.8830000000003,3.624200000000002,6,2,6
CCOc1cc2ncnc(C#Cc3[nH]ccc3-c3ccccc3)c2cc1OCC,50400502,10.0,383.45100000000014,4.822100000000003,4,1,5
CN(C)C\C=C\C(=O)Nc1cc2c(Nc3ccc(Cc4ccccn4)cc3)ncnc2cn1,50518598,10.0,439.5230000000001,3.810500000000002,7,2,8
CN(C)C\C=C\C(=O)N1CCc2c(C1)sc1ncc(C#N)c(Nc3ccc(F)c(Cl)c3)c21,218482,10.0,469.9730000000001,4.706580000000003,6,1,5
COc1cc2ncnc(Nc3ccc(F)c(Cl)c3)c2cc1OC1CCN(C)CC1,50351566,10.0,416.8840000000003,4.647500000000004,6,1,5
COc1cc(OCCN(C)C)c(NC(=O)C=C)cc1Nc1ncc2ccc(-c3cnn(C)c3)n2n1,548559,10.0,476.54100000000017,2.946900000000001,10,2,10
COc1cc(N(C)CCN(C)C)c(NC(=O)C=C)cc1Nc1ncc2ccc(-c3ccccc3)n2n1,548583,10.0,485.59200000000016,4.270800000000002,8,2,10
COCCc1ccc2oc(NC(=O)c3nn([C@@H]4CCN(C4)C(=O)C=C)c4ncnc(N)c34)nc2c1,555781,10.0,476.4970000000003,1.9503,10,2,7
Fc1ccc(Br)c(F)c1Nc1ncnc2cc3OCCOc3cc12,51389542,10.0,394.1750000000002,4.185300000000002,5,1,2
COC1=CC2N=CN=C(Nc3ccc(Cl)c(Cl)c3)C2C=C1OC1CN(C1)C(=O)C=C,1177947,10.0,447.3220000000003,3.671700000000002,6,1,5
Fc1c(I)cccc1Nc1ncnc2cc3OCCOc3cc12,51389529,10.0,423.1850000000002,3.888300000000002,5,1,2
NC1CCN(Cc2ccn3ncnc(Nc4ccc(F)c(Cl)c4)c23)CC1,50614379,10.0,374.85100000000017,3.1885000000000003,6,2,4
NC1CCN(Cc2ccn3ncnc(Nc4cccc(c4)C#C)c23)CC1,50614378,10.0,346.43800000000016,2.377299999999999,6,2,4
COc1cc2ncnc(Nc3ccc(F)c(Cl)c3)c2cc1OCCN1CCN(C)CC1,50733030,10.0,445.9260000000004,3.800700000000002,7,1,7
COc1cc2ncnc(Sc3cccc(Cl)c3)c2cc1OC,50726958,10.0,332.8120000000001,4.451600000000003,5,0,4
Fc1ccc(Nc2ncnc3sc(NC(=O)\C=C\CNCC4COC4)cc23)cc1Cl,50085730,10.0,447.9230000000002,3.9581000000000026,7,3,8
CN1CCN(CC1)c1ccc(Nc2nc(OC3CCN(CC3)C(=O)C=C)c3sccc3n2)cc1F,51458095,10.0,496.6120000000003,3.8816000000000015,8,1,6
CO[C@@H]1C[C@@H](N(Cc2cc3c(Nc4cccc(Cl)c4F)ncnc3cc2OC)C1)C(N)=O,50135175,10.0,459.9090000000003,3.2491000000000003,7,2,7
COCCN(Cc1cc2c(Nc3cccc(Cl)c3F)ncnc2cc1OC)[C@@H](C)C(N)=O,50135261,10.0,461.9250000000002,3.4967000000000006,7,2,10
COCCOc1cc2ncnc(Nc3cccc(Cl)c3)c2c2OCC(COC)Oc12,51515563,10.0,431.8760000000003,3.8382000000000014,8,1,8
COc1ccc2c(Nc3cccc(Br)c3)ncnc2c1,4884,10.0,330.18500000000006,4.1445000000000025,4,1,3
Nc1cc2ncnc(Nc3cccc(Br)c3)c2cn1,4896,10.0,316.16200000000003,3.113100000000001,5,2,2
NS(=O)(=O)c1ccc(Nc2nc3ncnc(Nc4cccc(Br)c4)c3s2)cc1,50454064,10.0,477.3690000000001,3.9834000000000014,8,3,5
O=C(CCC(=O)N1CCCC1c1nnn[nH]1)C(Cc1ccccc1)NC(=O)c1ccccc1,50983300,10.0,446.51100000000014,2.253799999999999,6,2,9
